RunID,RunDate,LineID,ProductID,ShiftName,UnitsProduced,DefectUnits,DowntimeMinutes,DefectRatePct
1,2026-04-14,4,3002,Afternoon,4329,111,72.0,2.56
2,2026-06-06,5,3007,Afternoon,3802,184,119.0,4.84
3,2026-06-01,5,3005,Morning,3312,28,66.0,0.85
4,2026-06-23,2,3004,Morning,2544,48,80.0,1.89
5,2026-06-07,2,3005,Afternoon,2217,39,92.0,1.76
6,2026-05-03,2,3007,Afternoon,298,17,76.0,5.7
7,2026-06-27,5,3002,Morning,1102,48,38.0,4.36
8,2026-05-07,3,3013,Night,4505,175,73.0,3.88
9,2026-04-30,3,3010,Afternoon,1827,9,78.0,0.49
10,2026-06-21,5,3015,Morning,3581,54,102.0,1.51
11,2026-05-04,4,3013,Night,3578,142,57.0,3.97
12,2026-04-07,5,3002,Morning,1685,43,60.0,2.55
13,2026-05-13,5,3001,Night,1180,65,60.0,5.51
14,2026-06-11,1,3008,Morning,3520,165,13.0,4.69
15,2026-04-18,2,3009,Afternoon,649,19,10.0,2.93
16,2026-05-12,4,3004,Afternoon,2575,119,2.0,4.62
17,2026-04-12,5,3014,Night,4462,261,79.0,5.85
18,2026-06-01,1,3011,Morning,3614,109,50.0,3.02
19,2026-05-13,2,3014,Night,3868,156,103.0,4.03
20,2026-04-30,3,3002,Afternoon,599,33,84.0,5.51
21,2026-04-21,4,3015,Morning,1159,21,16.0,1.81
22,2026-05-21,1,3003,Afternoon,1520,81,12.0,5.33
23,2026-05-31,4,3008,Night,1603,16,43.0,1.0
24,2026-06-24,2,3008,Afternoon,1131,45,110.0,3.98
25,2026-05-10,2,3015,Morning,4865,233,5.0,4.79
26,2026-04-15,3,3005,Afternoon,991,38,22.0,3.83
27,2026-06-14,3,3004,Afternoon,3599,116,3.0,3.22
28,2026-05-27,4,3006,Morning,3016,117,49.0,3.88
29,2026-06-03,2,3006,Morning,3130,41,118.0,1.31
30,2026-04-09,5,3003,Night,1230,20,82.0,1.63
31,2026-04-29,1,3003,Morning,1676,33,59.0,1.97
32,2026-06-09,5,3004,Afternoon,3111,117,17.0,3.76
33,2026-06-14,1,3008,Night,1635,47,42.0,2.87
34,2026-05-10,4,3006,Morning,3531,65,62.0,1.84
35,2026-06-12,2,3007,Afternoon,389,20,32.0,5.14
36,2026-06-15,2,3013,Morning,549,14,84.0,2.55
37,2026-05-05,1,3004,Night,3696,109,117.0,2.95
38,2026-06-20,4,3017,Afternoon,3160,87,24.0,2.75
39,2026-04-26,1,3014,Night,407,6,30.0,1.47
40,2026-04-22,4,3003,Night,4515,204,15.0,4.52
41,2026-06-01,4,3005,Afternoon,223,6,87.0,2.69
42,2026-05-28,5,3003,Morning,4786,28,55.0,0.59
43,2026-04-13,4,3005,Afternoon,3701,214,34.0,5.78
44,2026-06-14,2,3006,Morning,4943,246,26.0,4.98
45,2026-04-18,4,3002,Afternoon,4754,212,8.0,4.46
46,2026-06-12,5,3000,Morning,1703,89,57.0,5.23
47,2026-04-01,2,3008,Night,3831,210,81.0,5.48
48,2026-06-11,1,3013,Afternoon,1212,28,28.0,2.31
49,2026-06-10,5,3005,Morning,2463,95,0.0,3.86
50,2026-06-10,1,3016,Night,1352,52,56.0,3.85
51,2026-05-30,3,3007,Night,2533,49,81.0,1.93
52,2026-05-13,2,3017,Afternoon,4387,75,41.0,1.71
53,2026-06-03,1,3004,Morning,2293,25,30.0,1.09
54,2026-04-25,4,3010,Afternoon,643,26,18.0,4.04
55,2026-06-10,1,3014,Afternoon,1758,84,89.0,4.78
56,2026-05-21,4,3001,Night,3975,186,103.0,4.68
57,2026-05-12,4,3017,Morning,2704,60,92.0,2.22
58,2026-05-16,1,3006,Night,2888,47,62.0,1.63
59,2026-05-22,1,3009,Morning,2269,67,86.0,2.95
60,2026-04-04,4,3011,Morning,1605,56,47.0,3.49
61,2026-04-13,3,3012,Afternoon,3071,170,2.0,5.54
62,2026-04-23,1,3000,Morning,3238,171,44.0,5.28
63,2026-04-11,5,3016,Afternoon,4510,249,84.0,5.52
64,2026-05-10,2,3011,Afternoon,3165,163,77.0,5.15
65,2026-05-31,1,3018,Morning,4976,288,118.0,5.79
66,2026-05-29,5,3008,Night,4167,127,119.0,3.05
67,2026-05-13,1,3011,Morning,577,4,29.0,0.69
68,2026-06-16,3,3008,Night,2082,19,1.0,0.91
69,2026-05-21,5,3016,Night,2046,54,32.0,2.64
70,2026-04-08,3,3015,Afternoon,214,4,105.0,1.87
71,2026-06-08,3,3017,Morning,1067,15,97.0,1.41
72,2026-05-22,2,3009,Night,3858,221,11.0,5.73
73,2026-05-28,1,3015,Morning,1890,29,19.0,1.53
74,2026-05-21,3,3006,Morning,909,52,67.0,5.72
75,2026-05-20,5,3008,Night,1579,73,79.0,4.62
76,2026-04-09,1,3014,Afternoon,1518,61,117.0,4.02
77,2026-05-21,5,3001,Night,1037,43,90.0,4.15
78,2026-06-11,3,3013,Morning,685,15,25.0,2.19
79,2026-04-28,3,3000,Afternoon,3867,156,4.0,4.03
80,2026-05-25,1,3011,Night,4157,63,76.0,1.52
81,2026-04-03,4,3009,Night,2582,146,66.0,5.65
82,2026-05-02,1,3008,Afternoon,3154,68,110.0,2.16
83,2026-05-10,2,3009,Night,4612,87,69.0,1.89
84,2026-06-28,4,3009,Morning,4244,187,60.0,4.41
85,2026-04-20,1,3007,Afternoon,356,14,36.0,3.93
86,2026-04-25,3,3008,Morning,4774,142,10.0,2.97
87,2026-05-07,3,3010,Night,521,20,105.0,3.84
88,2026-06-29,1,3014,Night,327,4,99.0,1.22
89,2026-06-16,2,3010,Night,2135,89,19.0,4.17
90,2026-04-04,2,3012,Night,3780,75,84.0,1.98
91,2026-04-22,4,3015,Morning,585,11,43.0,1.88
92,2026-06-13,5,3018,Afternoon,1606,22,52.0,1.37
93,2026-04-06,5,3002,Night,1461,34,101.0,2.33
94,2026-06-17,1,3013,Morning,2107,48,101.0,2.28
95,2026-04-26,1,3004,Afternoon,4932,147,22.0,2.98
96,2026-06-22,1,3003,Night,1790,27,36.0,1.51
97,2026-04-27,3,3015,Afternoon,1203,18,98.0,1.5
98,2026-05-10,1,3001,Night,787,27,110.0,3.43
99,2026-05-30,2,3016,Afternoon,1150,13,9.0,1.13
100,2026-04-12,5,3014,Afternoon,839,35,100.0,4.17
101,2026-05-21,5,3018,Afternoon,2953,168,58.0,5.69
102,2026-05-16,5,3012,Afternoon,2218,63,70.0,2.84
103,2026-06-10,2,3016,Night,2590,141,9.0,5.44
104,2026-06-29,4,3002,Night,4194,43,81.0,1.03
105,2026-05-30,4,3016,Morning,2986,21,81.0,0.7
106,2026-05-07,1,3003,Night,944,42,79.0,4.45
107,2026-05-07,3,3005,Afternoon,2008,94,94.0,4.68
108,2026-05-08,3,3002,Afternoon,1700,87,113.0,5.12
109,2026-06-13,2,3007,Morning,4168,33,101.0,0.79
110,2026-04-29,4,3014,Afternoon,1673,79,89.0,4.72
111,2026-04-16,4,3005,Afternoon,865,22,117.0,2.54
112,2026-05-01,3,3015,Afternoon,3732,80,80.0,2.14
113,2026-04-03,4,3011,Morning,2256,32,80.0,1.42
114,2026-04-10,4,3011,Night,660,39,65.0,5.91
115,2026-04-09,3,3017,Afternoon,3510,29,92.0,0.83
116,2026-06-09,2,3008,Afternoon,1210,61,8.0,5.04
117,2026-06-05,4,3006,Morning,4367,175,60.0,4.01
118,2026-06-02,4,3018,Morning,4195,190,51.0,4.53
119,2026-05-12,5,3010,Night,1973,87,109.0,4.41
120,2026-06-04,1,3011,Morning,2866,149,8.0,5.2
121,2026-04-15,3,3005,Night,2925,44,77.0,1.5
122,2026-06-21,5,3004,Night,3336,16,22.0,0.48
123,2026-05-16,3,3003,Afternoon,531,20,106.0,3.77
124,2026-06-24,5,3004,Night,1759,43,102.0,2.44
125,2026-04-14,1,3003,Afternoon,1017,12,28.0,1.18
126,2026-05-15,1,3014,Night,3547,54,104.0,1.52
127,2026-06-02,4,3001,Morning,531,12,59.0,2.26
128,2026-05-15,2,3011,Afternoon,2681,23,116.0,0.86
129,2026-05-11,3,3018,Afternoon,3693,30,87.0,0.81
130,2026-04-15,3,3014,Night,4752,263,4.0,5.53
131,2026-05-05,3,3007,Morning,1582,35,24.0,2.21
132,2026-04-22,5,3001,Night,238,14,48.0,5.88
133,2026-04-28,1,3015,Morning,3673,213,25.0,5.8
134,2026-06-01,4,3000,Morning,207,2,15.0,0.97
135,2026-05-27,5,3012,Afternoon,518,22,117.0,4.25
136,2026-05-25,4,3012,Morning,4954,188,104.0,3.79
137,2026-05-03,2,3003,Afternoon,4340,186,52.0,4.29
138,2026-06-26,1,3014,Night,3596,37,25.0,1.03
139,2026-04-08,4,3003,Night,4210,64,21.0,1.52
140,2026-05-01,3,3004,Morning,561,5,109.0,0.89
141,2026-04-11,1,3015,Afternoon,626,23,39.0,3.67
142,2026-05-01,2,3018,Afternoon,1643,97,1.0,5.9
143,2026-06-26,5,3005,Morning,314,13,47.0,4.14
144,2026-05-03,2,3017,Afternoon,4463,196,54.0,4.39
145,2026-06-21,1,3017,Afternoon,470,27,74.0,5.74
146,2026-05-15,4,3014,Night,2811,118,40.0,4.2
147,2026-06-02,1,3002,Morning,4297,30,110.0,0.7
148,2026-05-12,5,3005,Morning,3727,196,77.0,5.26
149,2026-04-24,5,3012,Night,1326,33,118.0,2.49
150,2026-06-08,5,3018,Night,2457,12,44.0,0.49
151,2026-06-27,5,3015,Morning,2831,93,78.0,3.29
152,2026-04-24,2,3007,Morning,3886,219,43.0,5.64
153,2026-06-10,2,3004,Afternoon,2245,42,83.0,1.87
154,2026-04-24,2,3018,Night,1568,50,89.0,3.19
155,2026-06-04,3,3005,Morning,4018,58,38.0,1.44
156,2026-06-11,5,3006,Morning,4455,36,112.0,0.81
157,2026-05-11,4,3018,Night,2546,24,102.0,0.94
158,2026-06-06,4,3010,Night,334,15,107.0,4.49
159,2026-04-25,5,3005,Night,2603,136,26.0,5.22
160,2026-04-08,4,3000,Night,4468,57,86.0,1.28
161,2026-04-09,2,3008,Night,4947,103,12.0,2.08
162,2026-05-11,3,3018,Morning,2124,33,12.0,1.55
163,2026-06-21,3,3008,Morning,920,5,116.0,0.54
164,2026-04-12,1,3013,Morning,2946,104,18.0,3.53
165,2026-05-12,4,3004,Morning,4187,182,103.0,4.35
166,2026-06-03,4,3014,Night,4736,192,51.0,4.05
167,2026-04-19,4,3014,Afternoon,448,11,36.0,2.46
168,2026-06-04,3,3011,Morning,1594,56,0.0,3.51
169,2026-04-28,4,3014,Morning,2492,25,81.0,1.0
170,2026-06-12,5,3010,Morning,671,9,86.0,1.34
171,2026-05-23,3,3007,Afternoon,4454,250,56.0,5.61
172,2026-05-20,3,3014,Afternoon,738,34,97.0,4.61
173,2026-04-16,1,3015,Morning,3393,189,38.0,5.57
174,2026-05-12,4,3015,Night,4609,255,66.0,5.53
175,2026-06-17,5,3004,Morning,3489,142,34.0,4.07
176,2026-04-02,4,3012,Afternoon,3863,216,69.0,5.59
177,2026-06-08,5,3000,Afternoon,1463,40,16.0,2.73
178,2026-05-15,5,3010,Afternoon,4171,21,57.0,0.5
179,2026-06-04,4,3010,Night,2209,18,65.0,0.81
180,2026-05-30,3,3006,Night,494,5,66.0,1.01
181,2026-05-09,1,3018,Morning,1959,20,53.0,1.02
182,2026-04-28,1,3016,Afternoon,1879,45,77.0,2.39
183,2026-05-27,2,3000,Morning,2702,117,61.0,4.33
184,2026-04-13,3,3003,Afternoon,1471,71,33.0,4.83
185,2026-05-23,4,3003,Afternoon,2418,90,25.0,3.72
186,2026-04-09,3,3017,Afternoon,2254,29,77.0,1.29
187,2026-05-29,1,3009,Morning,1769,81,112.0,4.58
188,2026-05-27,2,3013,Morning,3541,86,90.0,2.43
189,2026-04-08,5,3015,Morning,1666,9,76.0,0.54
190,2026-06-08,5,3014,Morning,3875,79,110.0,2.04
191,2026-05-08,2,3001,Afternoon,1404,32,107.0,2.28
192,2026-06-10,5,3002,Night,4351,87,60.0,2.0
193,2026-04-04,4,3007,Morning,1952,96,13.0,4.92
194,2026-04-17,5,3006,Morning,395,18,76.0,4.56
195,2026-05-15,5,3014,Afternoon,919,39,74.0,4.24
196,2026-04-17,4,3002,Night,4070,51,33.0,1.25
197,2026-04-30,2,3007,Morning,4386,216,101.0,4.92
198,2026-05-30,4,3004,Morning,1217,51,104.0,4.19
199,2026-04-14,2,3003,Afternoon,3090,48,39.0,1.55
200,2026-05-31,2,3003,Afternoon,2956,120,57.0,4.06
201,2026-04-10,4,3003,Night,842,26,23.0,3.09
202,2026-04-16,3,3010,Morning,2369,69,21.0,2.91
203,2026-05-23,3,3007,Morning,3530,39,31.0,1.1
204,2026-06-11,2,3008,Afternoon,4842,162,43.0,3.35
205,2026-04-16,3,3009,Afternoon,4268,44,32.0,1.03
206,2026-04-27,1,3014,Night,669,9,18.0,1.35
207,2026-06-23,4,3016,Afternoon,1340,16,53.0,1.19
208,2026-06-29,3,3010,Afternoon,2296,131,74.0,5.71
209,2026-05-23,5,3012,Morning,922,19,39.0,2.06
210,2026-05-11,3,3014,Morning,2939,72,64.0,2.45
211,2026-05-02,3,3013,Night,241,5,32.0,2.07
212,2026-05-26,1,3002,Morning,744,40,84.0,5.38
213,2026-05-24,1,3018,Afternoon,426,15,77.0,3.52
214,2026-04-27,2,3003,Night,1618,89,115.0,5.5
215,2026-04-03,2,3007,Night,3858,82,6.0,2.13
216,2026-04-14,2,3012,Morning,1050,11,102.0,1.05
217,2026-06-26,2,3007,Morning,4938,175,40.0,3.54
218,2026-05-08,4,3004,Night,1493,35,7.0,2.34
219,2026-05-14,1,3017,Night,415,20,82.0,4.82
220,2026-05-13,2,3001,Morning,1810,96,20.0,5.3
221,2026-06-10,1,3004,Afternoon,3790,117,21.0,3.09
222,2026-04-06,2,3018,Morning,711,41,117.0,5.77
223,2026-04-08,4,3013,Night,544,19,26.0,3.49
224,2026-04-25,1,3001,Night,4276,85,65.0,1.99
225,2026-05-14,2,3014,Morning,3042,97,24.0,3.19
226,2026-05-31,1,3018,Afternoon,1847,13,14.0,0.7
227,2026-05-15,5,3001,Afternoon,3829,188,0.0,4.91
228,2026-05-10,4,3007,Morning,4252,44,1.0,1.03
229,2026-06-24,2,3008,Morning,1924,42,56.0,2.18
230,2026-04-15,1,3002,Night,2893,104,52.0,3.59
231,2026-05-22,1,3003,Afternoon,252,1,4.0,0.4
232,2026-05-19,3,3003,Morning,1669,15,41.0,0.9
233,2026-05-13,4,3003,Morning,3056,132,32.0,4.32
234,2026-06-12,3,3007,Afternoon,1146,10,68.0,0.87
235,2026-04-25,5,3008,Night,4957,154,119.0,3.11
236,2026-06-25,2,3004,Afternoon,4861,114,82.0,2.35
237,2026-04-30,2,3005,Night,1436,25,110.0,1.74
238,2026-05-20,3,3003,Afternoon,2102,32,23.0,1.52
239,2026-05-17,2,3015,Night,1109,52,25.0,4.69
240,2026-06-16,5,3004,Night,2618,150,90.0,5.73
241,2026-05-10,1,3017,Morning,794,10,37.0,1.26
242,2026-04-26,3,3010,Morning,2076,119,101.0,5.73
243,2026-04-02,3,3015,Night,2865,108,55.0,3.77
244,2026-05-03,1,3012,Night,3136,126,24.0,4.02
245,2026-06-14,3,3005,Morning,3062,134,101.0,4.38
246,2026-04-01,3,3011,Afternoon,1262,55,66.0,4.36
247,2026-06-20,2,3005,Night,4002,200,96.0,5.0
248,2026-05-19,1,3002,Night,3520,111,54.0,3.15
249,2026-04-13,1,3004,Morning,3814,130,15.0,3.41
250,2026-04-28,1,3005,Night,2445,55,81.0,2.25
251,2026-05-20,3,3002,Afternoon,4484,48,14.0,1.07
252,2026-04-29,1,3000,Night,2071,86,79.0,4.15
253,2026-04-10,5,3017,Morning,4067,27,50.0,0.66
254,2026-05-30,2,3009,Afternoon,1176,23,94.0,1.96
255,2026-05-31,4,3007,Morning,1386,14,104.0,1.01
256,2026-04-11,4,3017,Afternoon,2728,42,48.0,1.54
257,2026-04-26,3,3004,Morning,2868,115,105.0,4.01
258,2026-04-22,5,3007,Afternoon,3781,149,13.0,3.94
259,2026-05-30,1,3016,Night,1627,45,12.0,2.77
260,2026-06-05,2,3012,Afternoon,4388,43,119.0,0.98
261,2026-06-05,2,3007,Morning,1782,51,68.0,2.86
262,2026-06-24,1,3004,Afternoon,2764,67,54.0,2.42
263,2026-06-09,2,3000,Afternoon,4673,208,0.0,4.45
264,2026-04-29,2,3001,Night,2789,102,34.0,3.66
265,2026-04-10,4,3003,Morning,3473,111,82.0,3.2
266,2026-05-26,2,3014,Morning,4561,144,0.0,3.16
267,2026-06-22,5,3012,Afternoon,4878,283,109.0,5.8
268,2026-06-27,4,3008,Night,2597,121,0.0,4.66
269,2026-04-21,5,3014,Afternoon,2201,71,54.0,3.23
270,2026-04-22,1,3003,Morning,1145,35,19.0,3.06
271,2026-04-04,5,3004,Morning,2779,17,9.0,0.61
272,2026-04-13,4,3007,Night,4608,261,52.0,5.66
273,2026-05-20,5,3017,Night,2538,57,69.0,2.25
274,2026-05-20,2,3011,Morning,1872,35,12.0,1.87
275,2026-05-04,5,3016,Morning,714,42,49.0,5.88
276,2026-04-28,3,3004,Morning,2070,92,76.0,4.44
277,2026-06-14,1,3016,Afternoon,1336,10,97.0,0.75
278,2026-05-12,3,3001,Night,4888,41,112.0,0.84
279,2026-06-12,1,3004,Morning,2732,17,40.0,0.62
280,2026-06-26,5,3009,Night,857,32,47.0,3.73
281,2026-04-29,2,3000,Morning,523,4,104.0,0.76
282,2026-04-19,2,3016,Night,4283,241,83.0,5.63
283,2026-06-25,3,3016,Morning,4671,264,32.0,5.65
284,2026-05-28,3,3010,Night,3862,135,82.0,3.5
285,2026-04-27,1,3005,Afternoon,794,30,18.0,3.78
286,2026-05-26,5,3001,Morning,671,14,53.0,2.09
287,2026-05-17,5,3011,Morning,1150,9,36.0,0.78
288,2026-06-21,4,3010,Night,3805,173,119.0,4.55
289,2026-04-24,4,3014,Afternoon,3873,41,4.0,1.06
290,2026-06-29,3,3011,Afternoon,4221,40,102.0,0.95
291,2026-06-24,3,3002,Night,665,14,33.0,2.11
292,2026-04-17,3,3002,Afternoon,935,5,4.0,0.53
293,2026-04-15,1,3014,Afternoon,4521,130,79.0,2.88
294,2026-05-18,1,3003,Afternoon,4657,204,81.0,4.38
295,2026-04-05,2,3017,Morning,3683,180,17.0,4.89
296,2026-04-27,3,3002,Morning,708,27,4.0,3.81
297,2026-05-10,1,3013,Morning,529,27,13.0,5.1
298,2026-06-27,1,3018,Afternoon,466,12,0.0,2.58
299,2026-06-29,5,3008,Afternoon,3520,181,15.0,5.14
300,2026-04-14,2,3001,Night,4260,139,84.0,3.26
301,2026-06-20,3,3016,Night,3231,55,9.0,1.7
302,2026-04-09,3,3003,Morning,1458,83,94.0,5.69
303,2026-06-07,4,3010,Night,3835,77,104.0,2.01
304,2026-06-16,4,3018,Night,483,3,86.0,0.62
305,2026-06-20,2,3014,Afternoon,4175,76,113.0,1.82
306,2026-04-21,5,3000,Afternoon,4481,112,112.0,2.5
307,2026-06-20,2,3015,Morning,3648,88,5.0,2.41
308,2026-04-11,5,3003,Morning,4420,149,41.0,3.37
309,2026-05-17,3,3014,Morning,3013,161,91.0,5.34
310,2026-05-13,1,3011,Afternoon,2448,51,40.0,2.08
311,2026-04-29,4,3005,Afternoon,1747,58,88.0,3.32
312,2026-04-02,1,3008,Morning,4624,109,92.0,2.36
313,2026-06-09,4,3002,Morning,3546,178,119.0,5.02
314,2026-05-01,1,3018,Morning,1114,15,39.0,1.35
315,2026-05-30,2,3004,Afternoon,4793,51,41.0,1.06
316,2026-05-07,4,3005,Night,484,15,2.0,3.1
317,2026-05-04,5,3009,Afternoon,3020,126,34.0,4.17
318,2026-06-19,3,3012,Morning,1114,54,33.0,4.85
319,2026-04-09,1,3009,Morning,3388,126,54.0,3.72
320,2026-06-06,2,3009,Morning,2180,103,50.0,4.72
321,2026-06-07,5,3011,Night,2298,61,102.0,2.65
322,2026-05-05,4,3016,Night,3423,23,92.0,0.67
323,2026-04-24,1,3007,Morning,3829,43,87.0,1.12
324,2026-04-01,2,3015,Morning,2024,14,0.0,0.69
325,2026-06-24,2,3014,Morning,4988,115,56.0,2.31
326,2026-06-25,1,3018,Night,2592,83,87.0,3.2
327,2026-04-22,5,3017,Morning,969,23,29.0,2.37
328,2026-04-03,4,3015,Night,230,8,50.0,3.48
329,2026-04-12,1,3004,Afternoon,1171,36,87.0,3.07
330,2026-04-07,4,3014,Morning,3517,148,95.0,4.21
331,2026-06-14,3,3013,Night,2789,116,102.0,4.16
332,2026-06-20,1,3005,Afternoon,1821,40,51.0,2.2
333,2026-04-14,3,3012,Night,2510,60,47.0,2.39
334,2026-06-07,1,3004,Morning,4222,156,45.0,3.69
335,2026-04-17,2,3009,Afternoon,2943,111,80.0,3.77
336,2026-05-04,5,3015,Afternoon,478,10,50.0,2.09
337,2026-05-24,4,3003,Afternoon,435,10,48.0,2.3
338,2026-06-04,1,3006,Morning,2513,108,20.0,4.3
339,2026-06-18,5,3015,Afternoon,2140,86,57.0,4.02
340,2026-04-05,3,3008,Night,4282,53,28.0,1.24
341,2026-04-18,5,3018,Night,2998,87,62.0,2.9
342,2026-04-26,4,3000,Morning,3832,207,106.0,5.4
343,2026-04-28,2,3013,Night,3008,21,93.0,0.7
344,2026-06-29,3,3015,Night,1857,96,57.0,5.17
345,2026-06-09,3,3017,Morning,3355,46,117.0,1.37
346,2026-04-29,4,3002,Morning,3182,104,117.0,3.27
347,2026-06-27,2,3018,Night,3657,103,53.0,2.82
348,2026-05-15,2,3007,Morning,1108,6,91.0,0.54
349,2026-05-16,2,3006,Morning,3279,181,41.0,5.52
350,2026-05-10,2,3006,Afternoon,1570,47,105.0,2.99
351,2026-04-13,1,3012,Afternoon,3993,229,44.0,5.74
352,2026-06-24,1,3012,Afternoon,4032,83,30.0,2.06
353,2026-04-02,5,3009,Afternoon,3198,168,16.0,5.25
354,2026-04-16,1,3001,Night,4744,264,101.0,5.56
355,2026-04-21,5,3018,Night,2780,99,35.0,3.56
356,2026-04-26,1,3004,Morning,320,5,97.0,1.56
357,2026-04-12,4,3001,Morning,3109,132,10.0,4.25
358,2026-04-02,2,3011,Morning,3932,138,60.0,3.51
359,2026-05-31,3,3007,Afternoon,685,39,51.0,5.69
360,2026-06-27,2,3011,Afternoon,702,20,52.0,2.85
361,2026-04-11,3,3016,Night,1511,29,20.0,1.92
362,2026-04-27,3,3001,Afternoon,4252,53,8.0,1.25
363,2026-05-16,3,3005,Morning,2731,118,41.0,4.32
364,2026-06-23,2,3009,Night,4886,286,56.0,5.85
365,2026-06-02,3,3014,Morning,4390,28,95.0,0.64
366,2026-06-08,5,3011,Night,2863,130,55.0,4.54
367,2026-05-23,3,3007,Night,3459,193,29.0,5.58
368,2026-05-08,2,3011,Night,1788,16,31.0,0.89
369,2026-04-18,1,3018,Night,633,7,73.0,1.11
370,2026-06-17,2,3009,Morning,2113,90,52.0,4.26
371,2026-06-12,1,3016,Afternoon,3042,123,108.0,4.04
372,2026-04-03,1,3014,Afternoon,1074,9,52.0,0.84
373,2026-06-04,5,3005,Afternoon,1264,64,68.0,5.06
374,2026-04-08,1,3004,Night,271,9,7.0,3.32
375,2026-06-06,3,3014,Afternoon,3723,204,23.0,5.48
376,2026-06-14,5,3003,Morning,4517,240,102.0,5.31
377,2026-04-12,5,3006,Night,4171,207,41.0,4.96
378,2026-05-10,1,3004,Afternoon,2023,67,50.0,3.31
379,2026-04-12,1,3011,Night,3048,57,70.0,1.87
380,2026-05-22,2,3005,Morning,4811,157,6.0,3.26
381,2026-06-23,3,3012,Night,3038,32,60.0,1.05
382,2026-04-08,5,3017,Morning,1620,66,41.0,4.07
383,2026-05-06,2,3015,Afternoon,1825,22,17.0,1.21
384,2026-06-27,1,3018,Night,3690,122,50.0,3.31
385,2026-04-28,2,3000,Afternoon,2342,18,53.0,0.77
386,2026-04-12,5,3008,Morning,4219,90,22.0,2.13
387,2026-05-14,1,3004,Night,4347,77,65.0,1.77
388,2026-05-16,2,3017,Night,372,14,89.0,3.76
389,2026-05-30,1,3013,Morning,3671,177,32.0,4.82
390,2026-04-29,1,3006,Morning,1975,16,115.0,0.81
391,2026-06-26,5,3010,Morning,2694,139,73.0,5.16
392,2026-05-17,1,3011,Morning,1471,76,92.0,5.17
393,2026-04-26,2,3009,Afternoon,1967,46,8.0,2.34
394,2026-06-26,5,3009,Morning,1785,73,92.0,4.09
395,2026-06-23,4,3001,Night,441,11,40.0,2.49
396,2026-05-15,1,3008,Morning,3957,53,85.0,1.34
397,2026-04-03,3,3006,Afternoon,886,30,96.0,3.39
398,2026-05-24,5,3015,Afternoon,2003,19,30.0,0.95
399,2026-05-20,3,3016,Afternoon,1126,60,31.0,5.33
400,2026-04-14,3,3014,Morning,970,54,7.0,5.57
401,2026-05-28,3,3000,Afternoon,1992,99,72.0,4.97
402,2026-06-15,4,3015,Afternoon,4610,165,92.0,3.58
403,2026-04-10,1,3007,Afternoon,4731,168,49.0,3.55
404,2026-06-05,5,3007,Night,2032,120,19.0,5.91
405,2026-04-13,5,3017,Afternoon,2624,48,37.0,1.83
406,2026-06-07,1,3016,Afternoon,4931,45,48.0,0.91
407,2026-05-08,5,3000,Morning,1327,47,109.0,3.54
408,2026-04-01,5,3006,Morning,4734,109,14.0,2.3
409,2026-06-26,4,3014,Afternoon,707,16,41.0,2.26
410,2026-04-15,2,3010,Afternoon,1284,6,76.0,0.47
411,2026-05-24,3,3004,Night,1823,68,28.0,3.73
412,2026-04-17,5,3009,Night,378,7,106.0,1.85
413,2026-06-23,1,3016,Morning,4115,63,109.0,1.53
414,2026-06-06,5,3004,Afternoon,4305,31,45.0,0.72
415,2026-06-12,5,3014,Afternoon,2040,51,89.0,2.5
416,2026-05-09,4,3013,Morning,4214,224,90.0,5.32
417,2026-05-13,2,3016,Afternoon,3908,91,81.0,2.33
418,2026-05-28,3,3005,Afternoon,4046,171,22.0,4.23
419,2026-06-10,1,3004,Morning,4052,188,5.0,4.64
420,2026-06-16,5,3010,Afternoon,2952,68,41.0,2.3
421,2026-04-02,2,3010,Night,731,36,15.0,4.92
422,2026-05-30,1,3007,Morning,4632,199,35.0,4.3
423,2026-04-10,4,3014,Afternoon,3121,111,76.0,3.56
424,2026-04-26,4,3015,Morning,4526,22,70.0,0.49
425,2026-06-14,4,3004,Morning,4803,33,25.0,0.69
426,2026-04-23,1,3015,Night,1098,65,2.0,5.92
427,2026-06-11,4,3004,Afternoon,2130,102,27.0,4.79
428,2026-05-12,4,3007,Morning,1123,63,54.0,5.61
429,2026-04-21,4,3000,Afternoon,444,24,93.0,5.41
430,2026-05-01,5,3006,Morning,4838,29,43.0,0.6
431,2026-05-18,2,3018,Afternoon,4631,224,34.0,4.84
432,2026-06-08,2,3008,Morning,4672,139,66.0,2.98
433,2026-05-25,5,3013,Afternoon,4441,215,8.0,4.84
434,2026-06-23,3,3002,Afternoon,3314,17,27.0,0.51
435,2026-06-18,3,3012,Afternoon,2706,56,4.0,2.07
436,2026-06-07,2,3007,Afternoon,4959,229,63.0,4.62
437,2026-05-25,4,3014,Morning,2850,138,53.0,4.84
438,2026-04-27,4,3017,Morning,3283,128,69.0,3.9
439,2026-05-08,1,3010,Morning,1216,26,74.0,2.14
440,2026-04-11,3,3001,Afternoon,3784,83,47.0,2.19
441,2026-05-04,5,3009,Afternoon,4133,240,104.0,5.81
442,2026-06-23,2,3002,Night,3456,100,110.0,2.89
443,2026-05-09,2,3008,Morning,2593,76,13.0,2.93
444,2026-04-11,5,3001,Morning,1149,40,110.0,3.48
445,2026-05-29,1,3012,Night,362,9,23.0,2.49
446,2026-06-26,2,3005,Night,3211,113,29.0,3.52
447,2026-06-18,3,3003,Night,3478,100,63.0,2.88
448,2026-04-25,4,3000,Morning,3908,197,3.0,5.04
449,2026-05-11,1,3016,Morning,4762,261,0.0,5.48
450,2026-05-18,3,3015,Morning,2587,145,23.0,5.6
451,2026-04-23,1,3015,Morning,4179,150,57.0,3.59
452,2026-04-25,4,3001,Night,3638,106,97.0,2.91
453,2026-04-22,4,3006,Night,1530,66,110.0,4.31
454,2026-06-29,3,3018,Night,4256,217,25.0,5.1
455,2026-06-07,2,3010,Night,455,16,65.0,3.52
456,2026-06-15,1,3002,Afternoon,3074,133,56.0,4.33
457,2026-06-13,5,3002,Afternoon,4713,217,49.0,4.6
458,2026-06-26,4,3004,Night,3363,141,75.0,4.19
459,2026-04-10,2,3018,Night,4697,216,118.0,4.6
460,2026-06-19,3,3003,Afternoon,469,7,0.0,1.49
461,2026-04-06,4,3017,Night,2755,89,7.0,3.23
462,2026-05-13,4,3012,Afternoon,3946,147,109.0,3.73
463,2026-05-24,3,3017,Afternoon,3283,16,111.0,0.49
464,2026-05-03,2,3015,Night,4426,230,38.0,5.2
465,2026-04-14,4,3006,Afternoon,2420,93,60.0,3.84
466,2026-04-18,4,3015,Night,3476,42,103.0,1.21
467,2026-06-14,3,3003,Afternoon,2214,110,60.0,4.97
468,2026-04-29,1,3005,Morning,4386,194,57.0,4.42
469,2026-04-28,3,3004,Morning,773,36,110.0,4.66
470,2026-06-23,4,3002,Afternoon,1419,37,99.0,2.61
471,2026-04-13,5,3001,Afternoon,664,34,60.0,5.12
472,2026-06-22,3,3003,Afternoon,3570,99,19.0,2.77
473,2026-06-22,2,3002,Night,1317,47,52.0,3.57
474,2026-05-24,3,3007,Morning,1722,8,81.0,0.46
475,2026-04-15,1,3001,Morning,4215,170,32.0,4.03
476,2026-04-15,1,3001,Night,1928,85,64.0,4.41
477,2026-04-26,4,3018,Afternoon,899,32,79.0,3.56
478,2026-05-22,5,3001,Afternoon,300,9,10.0,3.0
479,2026-04-14,5,3001,Morning,1288,63,68.0,4.89
480,2026-05-12,3,3000,Afternoon,4590,194,88.0,4.23
481,2026-04-11,1,3002,Afternoon,2833,57,25.0,2.01
482,2026-05-19,5,3010,Afternoon,4975,287,65.0,5.77
483,2026-04-02,3,3015,Morning,1232,54,85.0,4.38
484,2026-06-03,2,3013,Afternoon,1887,111,5.0,5.88
485,2026-04-05,5,3011,Afternoon,983,57,0.0,5.8
486,2026-04-18,4,3001,Morning,2112,117,31.0,5.54
487,2026-04-16,4,3014,Morning,2903,135,47.0,4.65
488,2026-06-14,2,3000,Night,4079,157,77.0,3.85
489,2026-04-05,5,3011,Night,1966,28,0.0,1.42
490,2026-05-09,3,3007,Afternoon,3903,136,2.0,3.48
491,2026-05-24,3,3016,Night,3205,150,53.0,4.68
492,2026-05-17,4,3005,Night,1600,53,113.0,3.31
493,2026-06-01,4,3012,Morning,4578,241,0.0,5.26
494,2026-06-12,1,3008,Afternoon,2284,25,94.0,1.09
495,2026-05-06,2,3009,Night,924,23,8.0,2.49
496,2026-06-14,2,3017,Morning,4820,158,58.0,3.28
497,2026-04-29,5,3013,Night,4584,131,51.0,2.86
498,2026-06-28,4,3007,Morning,437,4,56.0,0.92
499,2026-05-16,2,3008,Morning,4531,60,0.0,1.32
500,2026-06-06,4,3013,Afternoon,4747,242,90.0,5.1
501,2026-06-18,4,3006,Afternoon,4179,132,33.0,3.16
502,2026-06-11,2,3003,Morning,1423,10,92.0,0.7
503,2026-06-16,3,3008,Morning,3230,19,78.0,0.59
504,2026-05-19,5,3001,Afternoon,2783,86,66.0,3.09
505,2026-04-04,3,3003,Morning,3176,44,37.0,1.39
506,2026-05-15,1,3007,Night,3158,138,78.0,4.37
507,2026-04-17,4,3015,Night,3268,159,119.0,4.87
508,2026-06-20,3,3014,Morning,2667,46,110.0,1.72
509,2026-04-22,3,3004,Afternoon,3514,132,109.0,3.76
510,2026-04-21,4,3008,Morning,2727,36,26.0,1.32
511,2026-04-23,5,3002,Afternoon,279,6,70.0,2.15
512,2026-05-28,2,3014,Night,369,19,47.0,5.15
513,2026-05-22,3,3004,Morning,4798,167,116.0,3.48
514,2026-06-25,1,3015,Morning,4564,245,114.0,5.37
515,2026-05-08,4,3015,Morning,3010,52,104.0,1.73
516,2026-04-26,3,3013,Night,1038,24,19.0,2.31
517,2026-04-05,2,3006,Morning,3951,122,38.0,3.09
518,2026-04-01,4,3018,Afternoon,887,27,85.0,3.04
519,2026-05-04,3,3013,Afternoon,2010,120,89.0,5.97
520,2026-06-23,3,3012,Morning,1783,20,42.0,1.12
521,2026-05-18,3,3016,Morning,259,13,16.0,5.02
522,2026-06-20,2,3016,Morning,4073,213,16.0,5.23
523,2026-04-10,1,3001,Night,2646,93,82.0,3.51
524,2026-04-09,5,3016,Night,1718,41,54.0,2.39
525,2026-06-15,1,3014,Night,2634,88,58.0,3.34
526,2026-04-10,2,3003,Morning,200,4,97.0,2.0
527,2026-04-05,4,3005,Afternoon,2297,112,2.0,4.88
528,2026-05-07,1,3014,Afternoon,2693,87,90.0,3.23
529,2026-06-23,4,3004,Night,1830,102,32.0,5.57
530,2026-06-02,4,3008,Morning,4185,164,111.0,3.92
531,2026-04-09,4,3013,Night,1399,46,114.0,3.29
532,2026-06-15,2,3012,Morning,861,37,60.0,4.3
533,2026-06-15,1,3017,Afternoon,2732,89,37.0,3.26
534,2026-06-12,5,3002,Night,4458,244,27.0,5.47
535,2026-06-21,2,3005,Morning,2001,30,21.0,1.5
536,2026-04-22,5,3018,Morning,423,24,119.0,5.67
537,2026-06-28,1,3010,Night,4855,241,22.0,4.96
538,2026-04-29,1,3004,Morning,2332,122,53.0,5.23
539,2026-06-12,4,3005,Night,1030,32,57.0,3.11
540,2026-05-23,5,3006,Afternoon,3154,160,81.0,5.07
541,2026-06-10,5,3010,Afternoon,1734,37,101.0,2.13
542,2026-05-27,4,3005,Night,4701,220,66.0,4.68
543,2026-05-28,2,3011,Night,1611,20,90.0,1.24
544,2026-05-26,5,3008,Morning,2840,62,68.0,2.18
545,2026-06-10,4,3011,Morning,2807,82,52.0,2.92
546,2026-06-06,1,3002,Morning,1363,30,18.0,2.2
547,2026-04-13,1,3011,Morning,2596,68,25.0,2.62
548,2026-06-14,5,3017,Night,723,36,51.0,4.98
549,2026-05-19,2,3002,Afternoon,3289,62,5.0,1.89
550,2026-04-30,4,3006,Night,3839,176,37.0,4.58
551,2026-05-17,1,3013,Morning,4760,43,55.0,0.9
552,2026-06-27,2,3011,Night,1763,83,56.0,4.71
553,2026-06-17,2,3012,Night,1569,76,97.0,4.84
554,2026-06-15,2,3010,Night,2834,76,116.0,2.68
555,2026-05-12,4,3012,Afternoon,3525,157,87.0,4.45
556,2026-06-10,5,3011,Night,4963,274,9.0,5.52
557,2026-05-05,5,3001,Afternoon,320,15,49.0,4.69
558,2026-06-01,4,3014,Afternoon,1343,35,87.0,2.61
559,2026-05-28,2,3008,Afternoon,1459,46,71.0,3.15
560,2026-04-23,5,3000,Morning,1425,68,54.0,4.77
561,2026-04-24,3,3007,Night,2425,51,52.0,2.1
562,2026-04-06,3,3008,Night,4389,215,48.0,4.9
563,2026-04-13,4,3001,Night,348,8,0.0,2.3
564,2026-05-10,4,3018,Night,4116,203,21.0,4.93
565,2026-05-14,5,3004,Afternoon,3164,30,62.0,0.95
566,2026-04-15,3,3006,Night,3152,23,24.0,0.73
567,2026-05-08,4,3008,Morning,3455,206,81.0,5.96
568,2026-05-25,4,3015,Afternoon,753,39,103.0,5.18
569,2026-04-21,2,3014,Morning,3784,202,60.0,5.34
570,2026-05-01,2,3014,Morning,1391,79,46.0,5.68
571,2026-05-04,4,3004,Afternoon,2679,77,112.0,2.87
572,2026-05-16,1,3016,Afternoon,3449,71,79.0,2.06
573,2026-05-03,2,3015,Night,3098,37,51.0,1.19
574,2026-06-06,4,3008,Afternoon,1750,56,3.0,3.2
575,2026-04-30,5,3010,Afternoon,2101,35,1.0,1.67
576,2026-05-10,3,3000,Afternoon,2487,140,26.0,5.63
577,2026-05-05,2,3014,Afternoon,398,2,28.0,0.5
578,2026-04-17,3,3018,Night,3685,47,86.0,1.28
579,2026-06-01,4,3008,Morning,679,12,60.0,1.77
580,2026-04-22,3,3010,Afternoon,2401,38,119.0,1.58
581,2026-04-27,1,3009,Afternoon,3343,58,64.0,1.73
582,2026-06-11,3,3001,Morning,585,24,108.0,4.1
583,2026-06-25,3,3011,Night,4978,114,66.0,2.29
584,2026-05-31,4,3013,Afternoon,2010,78,42.0,3.88
585,2026-06-22,5,3017,Morning,275,14,85.0,5.09
586,2026-06-16,5,3017,Afternoon,3361,128,53.0,3.81
587,2026-05-14,4,3009,Night,2876,124,32.0,4.31
588,2026-06-09,2,3018,Night,3273,82,56.0,2.51
589,2026-04-30,3,3010,Morning,3804,52,79.0,1.37
590,2026-05-12,1,3012,Afternoon,2483,56,45.0,2.26
591,2026-05-19,5,3011,Morning,4168,241,84.0,5.78
592,2026-06-26,5,3018,Afternoon,1976,77,117.0,3.9
593,2026-06-16,5,3014,Afternoon,2816,57,49.0,2.02
594,2026-05-15,2,3002,Afternoon,960,28,35.0,2.92
595,2026-05-29,2,3001,Night,3175,161,48.0,5.07
596,2026-04-19,5,3007,Afternoon,1455,60,100.0,4.12
597,2026-06-12,3,3009,Afternoon,3544,127,21.0,3.58
598,2026-05-20,4,3012,Morning,4045,217,116.0,5.36
599,2026-05-18,3,3009,Morning,4323,181,49.0,4.19
600,2026-06-08,3,3009,Night,4659,187,100.0,4.01
601,2026-05-27,4,3017,Afternoon,786,12,94.0,1.53
602,2026-04-07,5,3006,Night,862,9,94.0,1.04
603,2026-04-26,2,3009,Afternoon,4645,269,109.0,5.79
604,2026-04-16,5,3010,Afternoon,2027,76,22.0,3.75
605,2026-06-06,2,3008,Afternoon,324,9,71.0,2.78
606,2026-04-04,3,3018,Afternoon,1577,58,11.0,3.68
607,2026-04-19,5,3018,Morning,4213,35,35.0,0.83
608,2026-05-24,5,3009,Morning,1903,95,4.0,4.99
609,2026-06-02,5,3008,Afternoon,568,9,81.0,1.58
610,2026-05-16,2,3011,Afternoon,3666,180,72.0,4.91
611,2026-06-17,5,3003,Afternoon,1134,38,88.0,3.35
612,2026-06-22,5,3008,Afternoon,1893,38,21.0,2.01
613,2026-04-12,5,3004,Morning,218,1,39.0,0.46
614,2026-06-25,1,3002,Night,3089,154,81.0,4.99
615,2026-05-26,4,3001,Afternoon,2337,34,99.0,1.45
616,2026-05-28,5,3011,Morning,4361,34,106.0,0.78
617,2026-04-09,4,3000,Afternoon,1804,84,8.0,4.66
618,2026-05-26,2,3012,Night,1182,28,48.0,2.37
619,2026-06-05,4,3008,Night,996,26,1.0,2.61
620,2026-05-23,1,3006,Morning,1160,21,98.0,1.81
621,2026-04-08,3,3014,Night,2365,123,14.0,5.2
622,2026-05-18,4,3010,Afternoon,618,13,98.0,2.1
623,2026-06-24,3,3013,Afternoon,2131,35,18.0,1.64
624,2026-06-05,4,3013,Afternoon,4302,94,1.0,2.19
625,2026-04-13,2,3000,Night,3884,62,105.0,1.6
626,2026-06-26,4,3004,Morning,3258,73,52.0,2.24
627,2026-06-26,4,3010,Morning,4487,42,50.0,0.94
628,2026-04-16,4,3018,Afternoon,3945,54,77.0,1.37
629,2026-06-12,2,3002,Morning,3332,93,32.0,2.79
630,2026-05-07,2,3002,Night,4342,231,82.0,5.32
631,2026-05-24,2,3017,Night,797,6,51.0,0.75
632,2026-05-11,3,3018,Afternoon,4127,68,32.0,1.65
633,2026-06-10,3,3003,Night,1617,88,47.0,5.44
634,2026-06-29,2,3007,Morning,3718,200,0.0,5.38
635,2026-06-11,3,3011,Afternoon,4583,194,36.0,4.23
636,2026-06-23,2,3003,Afternoon,2580,47,70.0,1.82
637,2026-06-25,2,3006,Morning,625,17,16.0,2.72
638,2026-04-09,4,3007,Morning,1977,32,14.0,1.62
639,2026-04-23,5,3012,Afternoon,2152,25,78.0,1.16
640,2026-06-04,2,3005,Afternoon,4696,121,51.0,2.58
641,2026-05-24,5,3007,Morning,4724,173,16.0,3.66
642,2026-04-05,3,3005,Afternoon,2928,72,89.0,2.46
643,2026-04-09,1,3014,Night,4763,183,93.0,3.84
644,2026-05-17,2,3002,Morning,2294,48,4.0,2.09
645,2026-05-26,1,3004,Night,2173,52,24.0,2.39
646,2026-04-16,1,3004,Afternoon,4215,204,44.0,4.84
647,2026-04-16,2,3017,Afternoon,3403,181,87.0,5.32
648,2026-04-12,3,3017,Night,2707,61,8.0,2.25
649,2026-05-21,4,3009,Afternoon,2392,87,96.0,3.64
650,2026-04-01,1,3002,Night,3586,72,38.0,2.01
651,2026-05-22,5,3014,Morning,3816,30,15.0,0.79
652,2026-05-13,2,3009,Morning,2554,116,103.0,4.54
653,2026-05-12,1,3016,Afternoon,351,5,10.0,1.42
654,2026-06-01,4,3006,Morning,688,19,15.0,2.76
655,2026-05-18,4,3018,Morning,891,28,113.0,3.14
656,2026-06-05,4,3015,Afternoon,2418,36,62.0,1.49
657,2026-06-08,1,3004,Night,3148,32,55.0,1.02
658,2026-06-22,1,3013,Morning,4058,97,82.0,2.39
659,2026-06-11,2,3005,Night,1316,75,75.0,5.7
660,2026-05-17,3,3006,Afternoon,3975,154,73.0,3.87
661,2026-05-15,5,3004,Morning,3397,88,2.0,2.59
662,2026-04-22,2,3012,Morning,447,3,66.0,0.67
663,2026-05-24,1,3004,Night,1885,71,33.0,3.77
664,2026-04-13,5,3012,Morning,1652,16,96.0,0.97
665,2026-06-23,1,3011,Afternoon,4455,155,60.0,3.48
666,2026-06-16,1,3014,Night,4621,214,14.0,4.63
667,2026-04-11,3,3018,Afternoon,4132,116,106.0,2.81
668,2026-06-10,3,3000,Morning,2734,58,34.0,2.12
669,2026-04-11,4,3018,Morning,2565,19,32.0,0.74
670,2026-06-04,5,3002,Night,1695,10,112.0,0.59
671,2026-04-08,5,3010,Afternoon,3909,111,93.0,2.84
672,2026-05-14,2,3006,Morning,614,32,103.0,5.21
673,2026-05-30,5,3012,Morning,1501,27,79.0,1.8
674,2026-06-05,4,3013,Afternoon,849,31,109.0,3.65
675,2026-05-08,1,3016,Morning,2572,109,13.0,4.24
676,2026-06-22,5,3007,Afternoon,1638,13,71.0,0.79
677,2026-06-09,1,3017,Morning,1147,15,35.0,1.31
678,2026-04-19,3,3006,Night,2006,46,47.0,2.29
679,2026-05-31,4,3003,Afternoon,4332,181,28.0,4.18
680,2026-06-05,2,3007,Night,2878,83,24.0,2.88
681,2026-05-01,2,3010,Morning,4150,188,53.0,4.53
682,2026-06-06,3,3012,Afternoon,4586,241,110.0,5.26
683,2026-06-20,5,3015,Morning,4530,211,76.0,4.66
684,2026-06-13,2,3004,Afternoon,1884,112,41.0,5.94
685,2026-06-08,4,3005,Night,4411,205,52.0,4.65
686,2026-05-28,3,3017,Morning,4565,236,63.0,5.17
687,2026-04-25,1,3008,Night,4806,244,29.0,5.08
688,2026-06-11,4,3004,Afternoon,1884,85,62.0,4.51
689,2026-05-03,5,3018,Night,1296,63,83.0,4.86
690,2026-05-18,3,3008,Morning,3004,169,29.0,5.63
691,2026-04-29,1,3018,Night,4672,145,70.0,3.1
692,2026-04-29,1,3017,Afternoon,4522,181,85.0,4.0
693,2026-04-15,3,3017,Morning,2941,97,62.0,3.3
694,2026-06-26,3,3011,Morning,916,47,35.0,5.13
695,2026-04-14,3,3015,Night,2227,63,66.0,2.83
696,2026-04-08,2,3018,Night,3627,181,95.0,4.99
697,2026-06-24,3,3005,Morning,2889,141,26.0,4.88
698,2026-05-20,2,3000,Afternoon,1858,107,68.0,5.76
699,2026-05-10,4,3006,Night,1844,34,81.0,1.84
700,2026-06-06,4,3012,Afternoon,486,21,38.0,4.32
701,2026-05-05,4,3010,Morning,1585,73,46.0,4.61
702,2026-04-12,1,3001,Afternoon,3413,192,106.0,5.63
703,2026-06-05,5,3010,Afternoon,1358,74,43.0,5.45
704,2026-04-16,1,3003,Morning,4968,181,71.0,3.64
705,2026-05-20,5,3009,Night,595,21,17.0,3.53
706,2026-06-25,1,3010,Morning,3026,42,111.0,1.39
707,2026-06-24,3,3012,Night,2583,151,71.0,5.85
708,2026-05-03,1,3007,Night,4199,79,91.0,1.88
709,2026-06-10,1,3007,Night,4461,200,72.0,4.48
710,2026-05-26,4,3012,Night,2808,136,42.0,4.84
711,2026-05-14,4,3014,Morning,3224,94,40.0,2.92
712,2026-04-13,1,3015,Morning,3554,59,84.0,1.66
713,2026-05-04,5,3006,Night,2700,41,103.0,1.52
714,2026-05-29,2,3008,Night,1087,56,15.0,5.15
715,2026-06-28,2,3006,Night,2257,74,101.0,3.28
716,2026-04-01,2,3010,Afternoon,1359,13,99.0,0.96
717,2026-06-04,3,3002,Afternoon,2429,107,13.0,4.41
718,2026-06-16,1,3008,Morning,3152,59,12.0,1.87
719,2026-06-25,3,3003,Morning,1204,64,83.0,5.32
720,2026-05-09,2,3010,Afternoon,1397,30,101.0,2.15
721,2026-04-11,1,3016,Morning,4150,66,47.0,1.59
722,2026-04-25,2,3018,Morning,2013,19,76.0,0.94
723,2026-06-16,4,3008,Morning,1152,38,119.0,3.3
724,2026-06-19,4,3001,Morning,3623,107,38.0,2.95
725,2026-05-28,2,3004,Night,3639,168,27.0,4.62
726,2026-04-12,2,3001,Night,4165,127,118.0,3.05
727,2026-04-11,4,3014,Night,3847,91,33.0,2.37
728,2026-05-14,4,3018,Morning,4961,96,56.0,1.94
729,2026-05-23,5,3010,Afternoon,2959,60,53.0,2.03
730,2026-04-03,5,3003,Night,1576,88,62.0,5.58
731,2026-06-01,5,3000,Afternoon,4342,61,32.0,1.4
732,2026-05-20,5,3018,Afternoon,1471,87,81.0,5.91
733,2026-04-02,3,3006,Night,1597,36,83.0,2.25
734,2026-04-09,2,3002,Night,4176,41,24.0,0.98
735,2026-05-11,2,3003,Night,4431,82,57.0,1.85
736,2026-06-05,2,3004,Afternoon,1828,15,6.0,0.82
737,2026-06-14,4,3012,Afternoon,3701,179,26.0,4.84
738,2026-05-09,4,3016,Night,4627,153,118.0,3.31
739,2026-04-27,5,3005,Night,4033,94,60.0,2.33
740,2026-06-27,1,3013,Afternoon,223,9,74.0,4.04
741,2026-05-12,3,3001,Afternoon,3389,134,106.0,3.95
742,2026-04-29,2,3000,Afternoon,1015,57,85.0,5.62
743,2026-05-10,5,3001,Morning,4262,246,95.0,5.77
744,2026-04-02,2,3017,Afternoon,521,22,85.0,4.22
745,2026-04-28,1,3011,Afternoon,4966,248,59.0,4.99
746,2026-05-17,3,3015,Night,1051,51,75.0,4.85
747,2026-06-22,5,3000,Afternoon,2216,70,34.0,3.16
748,2026-06-06,5,3000,Morning,1323,57,106.0,4.31
749,2026-06-10,1,3016,Night,4106,38,21.0,0.93
750,2026-05-20,2,3001,Afternoon,2088,97,106.0,4.65
751,2026-04-10,1,3002,Morning,3773,218,105.0,5.78
752,2026-05-06,2,3009,Night,522,5,17.0,0.96
753,2026-06-29,3,3011,Afternoon,2373,120,85.0,5.06
754,2026-04-04,2,3004,Afternoon,4573,257,0.0,5.62
755,2026-06-19,1,3008,Night,4649,81,68.0,1.74
756,2026-06-01,3,3012,Night,1201,40,40.0,3.33
757,2026-04-26,1,3008,Afternoon,2093,117,105.0,5.59
758,2026-06-10,2,3007,Afternoon,2163,125,61.0,5.78
759,2026-06-15,1,3001,Night,2914,35,14.0,1.2
760,2026-04-04,1,3008,Morning,2779,67,29.0,2.41
761,2026-04-10,3,3015,Night,708,30,81.0,4.24
762,2026-05-30,5,3011,Afternoon,3860,66,54.0,1.71
763,2026-06-29,4,3016,Night,1283,29,26.0,2.26
764,2026-04-03,1,3002,Afternoon,1711,10,95.0,0.58
765,2026-05-30,1,3000,Night,4235,56,14.0,1.32
766,2026-04-13,2,3010,Morning,3510,126,26.0,3.59
767,2026-05-29,4,3003,Night,2103,86,55.0,4.09
768,2026-05-27,4,3011,Morning,4579,186,4.0,4.06
769,2026-04-09,5,3017,Afternoon,2091,99,46.0,4.73
770,2026-06-01,2,3006,Morning,2914,81,109.0,2.78
771,2026-06-20,1,3010,Night,1380,27,112.0,1.96
772,2026-06-17,1,3012,Night,1079,6,104.0,0.56
773,2026-04-03,1,3002,Morning,2559,41,38.0,1.6
774,2026-04-23,1,3017,Night,2902,64,7.0,2.21
775,2026-04-22,5,3003,Morning,4067,60,97.0,1.48
776,2026-05-11,2,3015,Afternoon,2076,12,44.0,0.58
777,2026-04-13,5,3012,Morning,4496,61,89.0,1.36
778,2026-06-16,3,3002,Morning,3115,129,14.0,4.14
779,2026-06-09,3,3013,Morning,536,21,80.0,3.92
780,2026-06-12,3,3003,Afternoon,3747,211,70.0,5.63
781,2026-04-18,5,3011,Afternoon,2959,144,110.0,4.87
782,2026-04-02,1,3018,Night,2068,74,12.0,3.58
783,2026-06-21,1,3018,Morning,2442,30,48.0,1.23
784,2026-04-27,3,3016,Night,1648,59,118.0,3.58
785,2026-05-30,2,3009,Morning,3148,26,46.0,0.83
786,2026-06-21,3,3010,Morning,2921,83,78.0,2.84
787,2026-04-04,4,3005,Morning,2346,62,19.0,2.64
788,2026-04-01,3,3017,Morning,1568,44,87.0,2.81
789,2026-04-01,2,3009,Afternoon,2113,43,33.0,2.04
790,2026-04-15,2,3014,Night,2589,110,68.0,4.25
791,2026-04-05,4,3006,Night,2465,126,105.0,5.11
792,2026-06-13,2,3014,Night,1684,79,79.0,4.69
793,2026-05-25,3,3004,Afternoon,2993,118,56.0,3.94
794,2026-06-28,3,3013,Morning,1287,44,22.0,3.42
795,2026-06-12,4,3000,Afternoon,2604,17,40.0,0.65
796,2026-06-26,4,3001,Night,783,35,101.0,4.47
797,2026-04-22,3,3006,Morning,2466,86,25.0,3.49
798,2026-04-26,2,3009,Morning,3963,78,78.0,1.97
799,2026-06-16,2,3013,Night,4125,95,58.0,2.3
800,2026-04-23,3,3006,Morning,3534,199,38.0,5.63
801,2026-04-06,2,3000,Night,3779,148,85.0,3.92
802,2026-05-31,4,3006,Night,516,16,43.0,3.1
803,2026-06-12,2,3008,Afternoon,1838,71,34.0,3.86
804,2026-06-27,4,3010,Afternoon,3340,92,63.0,2.75
805,2026-06-23,4,3012,Morning,4042,124,90.0,3.07
806,2026-04-11,5,3004,Afternoon,2997,62,103.0,2.07
807,2026-06-09,1,3011,Night,4297,125,75.0,2.91
808,2026-06-16,4,3012,Night,1510,64,79.0,4.24
809,2026-06-02,1,3014,Afternoon,936,6,94.0,0.64
810,2026-06-13,2,3009,Night,614,29,32.0,4.72
811,2026-06-15,1,3015,Night,2996,61,30.0,2.04
812,2026-05-11,1,3004,Morning,3392,144,58.0,4.25
813,2026-04-04,1,3013,Afternoon,1569,63,75.0,4.02
814,2026-05-12,1,3000,Afternoon,3961,161,77.0,4.06
815,2026-04-19,5,3001,Afternoon,3748,144,18.0,3.84
816,2026-04-11,1,3016,Night,1928,111,93.0,5.76
817,2026-04-12,2,3009,Night,1346,44,43.0,3.27
818,2026-06-02,4,3011,Afternoon,3763,170,105.0,4.52
819,2026-05-16,5,3011,Morning,3422,149,86.0,4.35
820,2026-05-19,5,3013,Night,1019,18,117.0,1.77
821,2026-06-07,1,3004,Night,1424,29,75.0,2.04
822,2026-05-20,5,3003,Night,2532,71,63.0,2.8
823,2026-05-27,4,3000,Afternoon,2653,53,22.0,2.0
824,2026-04-08,1,3016,Morning,996,25,47.0,2.51
825,2026-06-16,3,3004,Afternoon,4753,125,103.0,2.63
826,2026-05-11,5,3010,Morning,2065,78,45.0,3.78
827,2026-04-14,2,3008,Afternoon,2030,34,6.0,1.67
828,2026-06-13,1,3003,Night,490,24,29.0,4.9
829,2026-06-06,5,3007,Morning,4403,127,0.0,2.88
830,2026-04-05,5,3001,Night,1328,58,75.0,4.37
831,2026-04-18,5,3003,Morning,4937,46,118.0,0.93
832,2026-04-02,5,3002,Morning,2580,79,112.0,3.06
833,2026-04-25,5,3015,Night,4399,28,63.0,0.64
834,2026-04-09,3,3010,Morning,1059,44,66.0,4.15
835,2026-06-03,1,3017,Night,996,23,96.0,2.31
836,2026-05-18,4,3008,Night,4045,231,5.0,5.71
837,2026-06-28,2,3003,Morning,4134,94,71.0,2.27
838,2026-06-07,3,3011,Morning,2806,101,0.0,3.6
839,2026-05-26,4,3017,Morning,354,6,93.0,1.69
840,2026-05-16,5,3010,Morning,4729,184,96.0,3.89
841,2026-04-05,2,3000,Night,2087,64,78.0,3.07
842,2026-04-07,2,3005,Night,4692,119,78.0,2.54
843,2026-05-26,4,3017,Night,4379,70,82.0,1.6
844,2026-04-01,1,3009,Night,4287,47,69.0,1.1
845,2026-04-04,3,3018,Night,3506,40,27.0,1.14
846,2026-04-20,4,3009,Night,3431,205,34.0,5.97
847,2026-06-19,3,3000,Night,2757,76,89.0,2.76
848,2026-05-12,2,3016,Afternoon,318,1,74.0,0.31
849,2026-06-03,5,3014,Night,2061,118,28.0,5.73
850,2026-05-08,2,3013,Morning,3706,22,105.0,0.59
851,2026-04-16,4,3018,Afternoon,4099,114,117.0,2.78
852,2026-05-04,3,3003,Night,2885,128,75.0,4.44
853,2026-04-09,1,3017,Morning,3605,199,27.0,5.52
854,2026-06-09,3,3004,Morning,304,13,112.0,4.28
855,2026-04-17,1,3018,Morning,2448,74,28.0,3.02
856,2026-05-04,5,3003,Morning,2637,154,51.0,5.84
857,2026-06-28,4,3010,Afternoon,4483,32,103.0,0.71
858,2026-05-24,2,3014,Night,1693,100,62.0,5.91
859,2026-05-12,3,3001,Morning,1303,67,29.0,5.14
860,2026-05-19,4,3001,Night,1891,106,9.0,5.61
861,2026-06-10,2,3016,Night,1017,19,43.0,1.87
862,2026-04-23,2,3001,Night,2880,36,80.0,1.25
863,2026-05-28,3,3011,Night,3285,136,85.0,4.14
864,2026-06-18,2,3017,Morning,4045,134,26.0,3.31
865,2026-05-22,4,3011,Afternoon,4865,164,19.0,3.37
866,2026-05-11,1,3009,Night,553,30,84.0,5.42
867,2026-04-14,5,3007,Night,1386,54,19.0,3.9
868,2026-04-23,2,3012,Afternoon,1643,36,7.0,2.19
869,2026-06-25,3,3010,Night,1398,37,58.0,2.65
870,2026-05-19,1,3009,Night,4170,51,68.0,1.22
871,2026-04-28,2,3002,Morning,869,13,29.0,1.5
872,2026-05-08,4,3012,Night,342,4,25.0,1.17
873,2026-05-23,2,3014,Morning,4330,214,28.0,4.94
874,2026-05-19,1,3013,Afternoon,4815,210,41.0,4.36
875,2026-06-02,3,3001,Morning,1286,43,1.0,3.34
876,2026-04-24,1,3013,Night,1797,45,1.0,2.5
877,2026-05-29,2,3013,Morning,2615,109,44.0,4.17
878,2026-05-10,3,3003,Afternoon,2724,135,2.0,4.96
879,2026-06-24,3,3016,Night,4956,264,38.0,5.33
880,2026-04-15,4,3009,Night,2139,75,69.0,3.51
881,2026-04-14,4,3008,Morning,258,12,3.0,4.65
882,2026-05-12,5,3013,Night,2229,73,74.0,3.28
883,2026-05-16,1,3009,Afternoon,2871,89,74.0,3.1
884,2026-06-02,2,3010,Night,2681,141,68.0,5.26
885,2026-05-07,1,3005,Afternoon,2658,69,75.0,2.6
886,2026-06-22,1,3017,Morning,4628,123,97.0,2.66
887,2026-05-13,2,3018,Morning,4075,88,8.0,2.16
888,2026-04-12,3,3002,Morning,1408,47,20.0,3.34
889,2026-04-11,5,3013,Night,1905,66,38.0,3.46
890,2026-06-27,4,3000,Night,3404,140,82.0,4.11
891,2026-04-13,4,3007,Afternoon,2169,62,104.0,2.86
892,2026-06-25,4,3018,Night,2256,38,110.0,1.68
893,2026-04-26,1,3003,Morning,1006,52,69.0,5.17
894,2026-04-09,5,3007,Night,1420,34,49.0,2.39
895,2026-04-28,5,3004,Morning,3755,209,49.0,5.57
896,2026-05-26,1,3013,Morning,4246,69,7.0,1.63
897,2026-05-09,3,3008,Night,3966,141,55.0,3.56
898,2026-06-10,5,3011,Afternoon,1677,57,61.0,3.4
899,2026-05-25,3,3017,Morning,855,43,24.0,5.03
900,2026-05-07,5,3009,Night,966,12,92.0,1.24
901,2026-05-28,5,3013,Morning,2088,114,97.0,5.46
902,2026-06-27,3,3001,Night,2685,91,36.0,3.39
903,2026-05-08,1,3004,Morning,4485,167,109.0,3.72
904,2026-04-14,2,3017,Morning,4514,149,12.0,3.3
905,2026-05-07,2,3016,Morning,212,1,109.0,0.47
906,2026-06-15,3,3012,Afternoon,3596,116,92.0,3.23
907,2026-04-20,3,3007,Morning,1634,31,0.0,1.9
908,2026-06-25,3,3003,Morning,1149,27,78.0,2.35
909,2026-05-23,1,3016,Night,2864,116,37.0,4.05
910,2026-05-25,2,3014,Afternoon,362,11,95.0,3.04
911,2026-04-29,4,3004,Afternoon,1803,18,19.0,1.0
912,2026-06-22,1,3011,Morning,2850,25,0.0,0.88
913,2026-04-04,2,3011,Morning,1505,22,36.0,1.46
914,2026-04-27,5,3009,Morning,3048,47,23.0,1.54
915,2026-05-08,1,3017,Night,2408,92,39.0,3.82
916,2026-05-13,3,3002,Morning,4037,59,72.0,1.46
917,2026-05-13,2,3004,Morning,1071,57,75.0,5.32
918,2026-04-14,1,3001,Night,474,7,66.0,1.48
919,2026-04-21,3,3013,Afternoon,2742,27,22.0,0.98
920,2026-04-09,3,3012,Night,1433,76,24.0,5.3
921,2026-05-22,1,3018,Afternoon,3592,76,110.0,2.12
922,2026-05-02,1,3010,Night,647,18,30.0,2.78
923,2026-05-21,1,3002,Night,2961,170,12.0,5.74
924,2026-05-24,4,3008,Afternoon,4951,281,54.0,5.68
925,2026-06-03,5,3001,Night,646,28,0.0,4.33
926,2026-05-20,1,3012,Afternoon,1648,14,41.0,0.85
927,2026-05-29,2,3012,Night,4253,160,102.0,3.76
928,2026-05-23,2,3016,Afternoon,2761,164,32.0,5.94
929,2026-05-29,2,3006,Night,1039,59,84.0,5.68
930,2026-05-26,2,3005,Afternoon,1223,13,58.0,1.06
931,2026-04-29,1,3001,Afternoon,3871,103,42.0,2.66
932,2026-04-23,3,3007,Afternoon,4332,96,79.0,2.22
933,2026-06-10,2,3009,Night,1930,23,71.0,1.19
934,2026-05-01,2,3014,Night,2474,106,38.0,4.28
935,2026-05-20,2,3014,Night,3957,79,26.0,2.0
936,2026-04-18,5,3002,Night,1049,25,110.0,2.38
937,2026-05-09,4,3005,Morning,1190,11,20.0,0.92
938,2026-05-18,3,3009,Night,3917,126,115.0,3.22
939,2026-05-27,2,3006,Night,1095,15,56.0,1.37
940,2026-05-18,5,3000,Morning,3899,112,119.0,2.87
941,2026-05-03,5,3016,Night,2585,33,42.0,1.28
942,2026-06-26,1,3013,Afternoon,4952,284,67.0,5.74
943,2026-05-17,5,3009,Morning,358,4,73.0,1.12
944,2026-06-12,4,3006,Morning,4740,159,40.0,3.35
945,2026-06-06,1,3016,Afternoon,1281,20,26.0,1.56
946,2026-05-21,4,3000,Morning,368,3,62.0,0.82
947,2026-06-19,1,3008,Night,3675,59,79.0,1.61
948,2026-04-12,1,3015,Night,2756,22,31.0,0.8
949,2026-06-22,1,3018,Night,4219,53,92.0,1.26
950,2026-06-16,3,3004,Afternoon,720,23,76.0,3.19
951,2026-05-16,4,3012,Afternoon,587,23,19.0,3.92
952,2026-06-06,3,3003,Night,2922,28,112.0,0.96
953,2026-05-17,1,3002,Night,4433,129,5.0,2.91
954,2026-04-25,1,3006,Morning,2147,79,78.0,3.68
955,2026-06-11,5,3016,Afternoon,4028,72,52.0,1.79
956,2026-04-23,5,3013,Night,4549,115,78.0,2.53
957,2026-04-29,4,3009,Night,4374,39,92.0,0.89
958,2026-05-17,1,3005,Night,2641,45,82.0,1.7
959,2026-06-15,5,3002,Morning,3552,108,78.0,3.04
960,2026-05-05,4,3005,Afternoon,2723,161,100.0,5.91
961,2026-05-15,3,3002,Morning,3435,205,84.0,5.97
962,2026-04-04,1,3003,Night,2922,172,97.0,5.89
963,2026-04-11,5,3013,Afternoon,2720,76,48.0,2.79
964,2026-04-06,3,3002,Morning,2296,21,24.0,0.91
965,2026-04-07,1,3000,Morning,3333,75,28.0,2.25
966,2026-06-18,2,3010,Night,3805,68,73.0,1.79
967,2026-06-15,3,3005,Night,4611,26,63.0,0.56
968,2026-06-13,1,3008,Night,3143,32,9.0,1.02
969,2026-04-06,2,3002,Night,682,20,24.0,2.93
970,2026-04-07,3,3003,Night,3019,71,116.0,2.35
971,2026-04-26,5,3008,Night,1715,25,87.0,1.46
972,2026-05-21,1,3013,Night,328,14,90.0,4.27
973,2026-05-01,3,3007,Night,547,13,23.0,2.38
974,2026-05-14,5,3010,Afternoon,3038,157,7.0,5.17
975,2026-04-16,5,3009,Night,4735,86,34.0,1.82
976,2026-06-05,5,3005,Night,2626,90,102.0,3.43
977,2026-04-29,1,3005,Morning,2337,35,60.0,1.5
978,2026-04-06,5,3008,Night,625,20,94.0,3.2
979,2026-06-06,5,3000,Afternoon,3441,46,58.0,1.34
980,2026-06-21,2,3013,Morning,466,6,58.0,1.29
981,2026-04-02,3,3011,Morning,4237,163,72.0,3.85
982,2026-05-10,3,3005,Morning,4118,80,115.0,1.94
983,2026-06-14,3,3007,Night,4956,71,52.0,1.43
984,2026-06-03,2,3006,Night,1564,87,71.0,5.56
985,2026-06-17,5,3012,Morning,976,7,110.0,0.72
986,2026-05-08,5,3014,Afternoon,1637,59,44.0,3.6
987,2026-05-04,2,3002,Afternoon,4037,141,100.0,3.49
988,2026-06-03,5,3007,Afternoon,1250,23,64.0,1.84
989,2026-04-14,2,3000,Afternoon,4459,133,105.0,2.98
990,2026-04-22,4,3008,Night,940,9,56.0,0.96
991,2026-05-25,3,3004,Afternoon,434,19,75.0,4.38
992,2026-05-31,3,3006,Afternoon,1252,21,38.0,1.68
993,2026-04-11,1,3008,Afternoon,3819,59,76.0,1.54
994,2026-05-16,4,3006,Afternoon,3090,68,39.0,2.2
995,2026-05-03,2,3007,Night,1902,103,73.0,5.42
996,2026-05-16,2,3014,Afternoon,3348,163,94.0,4.87
997,2026-06-26,1,3015,Night,3313,189,52.0,5.7
998,2026-04-07,5,3000,Afternoon,2862,116,51.0,4.05
999,2026-06-29,1,3007,Night,2667,110,38.0,4.12
1000,2026-05-11,4,3016,Night,687,21,87.0,3.06
1001,2026-06-09,5,3010,Night,1446,79,71.0,5.46
1002,2026-05-09,1,3003,Afternoon,2732,90,61.0,3.29
1003,2026-04-28,3,3011,Afternoon,849,20,3.0,2.36
1004,2026-06-09,3,3002,Afternoon,2484,99,13.0,3.99
1005,2026-06-01,2,3000,Afternoon,761,26,0.0,3.42
1006,2026-04-13,4,3012,Night,3978,47,102.0,1.18
1007,2026-06-03,3,3009,Night,695,18,102.0,2.59
1008,2026-06-07,3,3014,Night,644,14,8.0,2.17
1009,2026-05-05,3,3006,Night,3261,168,5.0,5.15
1010,2026-06-23,5,3016,Night,1258,32,93.0,2.54
1011,2026-05-28,4,3008,Afternoon,1886,94,62.0,4.98
1012,2026-05-01,2,3014,Morning,1708,50,37.0,2.93
1013,2026-04-01,5,3001,Afternoon,1239,57,73.0,4.6
1014,2026-05-31,5,3001,Night,3856,47,28.0,1.22
1015,2026-04-19,5,3014,Night,3521,196,23.0,5.57
1016,2026-06-08,4,3015,Afternoon,1346,42,44.0,3.12
1017,2026-05-18,2,3017,Night,3496,67,107.0,1.92
1018,2026-05-13,4,3006,Morning,3624,66,92.0,1.82
1019,2026-04-15,2,3000,Afternoon,2788,54,22.0,1.94
1020,2026-06-04,2,3018,Night,2976,74,67.0,2.49
1021,2026-04-15,3,3011,Afternoon,4687,208,106.0,4.44
1022,2026-05-08,5,3004,Night,2378,136,114.0,5.72
1023,2026-06-15,3,3014,Afternoon,2049,85,91.0,4.15
1024,2026-06-22,2,3017,Afternoon,2787,97,15.0,3.48
1025,2026-06-29,3,3005,Afternoon,4212,124,28.0,2.94
1026,2026-06-26,2,3014,Night,3606,182,26.0,5.05
1027,2026-05-21,4,3014,Morning,560,28,18.0,5.0
1028,2026-04-19,2,3009,Morning,2404,50,21.0,2.08
1029,2026-06-15,3,3012,Afternoon,3751,215,37.0,5.73
1030,2026-06-12,2,3005,Morning,1274,34,66.0,2.67
1031,2026-06-29,2,3017,Afternoon,4944,242,47.0,4.89
1032,2026-05-29,5,3018,Afternoon,4078,237,50.0,5.81
1033,2026-04-13,2,3018,Morning,4263,186,29.0,4.36
1034,2026-05-16,1,3014,Afternoon,592,8,18.0,1.35
1035,2026-05-11,2,3000,Afternoon,2982,111,119.0,3.72
1036,2026-06-15,3,3006,Night,2733,31,71.0,1.13
1037,2026-05-06,1,3008,Morning,3208,155,27.0,4.83
1038,2026-04-30,2,3018,Night,4281,87,97.0,2.03
1039,2026-04-08,1,3010,Afternoon,1895,81,99.0,4.27
1040,2026-06-15,3,3010,Night,2763,152,116.0,5.5
1041,2026-06-07,4,3002,Morning,3461,51,19.0,1.47
1042,2026-04-04,5,3015,Morning,3815,101,76.0,2.65
1043,2026-05-10,2,3006,Afternoon,3897,158,117.0,4.05
1044,2026-05-14,5,3001,Afternoon,1817,51,96.0,2.81
1045,2026-05-13,2,3018,Afternoon,4991,72,27.0,1.44
1046,2026-06-22,4,3003,Morning,246,1,107.0,0.41
1047,2026-04-14,3,3000,Afternoon,2563,70,50.0,2.73
1048,2026-04-28,4,3001,Night,3122,127,58.0,4.07
1049,2026-04-17,4,3008,Night,494,18,67.0,3.64
1050,2026-04-22,3,3001,Morning,2365,32,92.0,1.35
1051,2026-06-21,2,3016,Afternoon,3060,91,14.0,2.97
1052,2026-06-24,3,3009,Afternoon,3116,78,64.0,2.5
1053,2026-04-05,5,3006,Afternoon,771,15,98.0,1.95
1054,2026-05-27,5,3000,Night,1532,69,65.0,4.5
1055,2026-04-21,5,3009,Afternoon,1374,30,32.0,2.18
1056,2026-04-18,1,3002,Night,3271,113,6.0,3.45
1057,2026-04-27,3,3018,Night,1778,99,65.0,5.57
1058,2026-04-18,1,3005,Morning,2942,101,84.0,3.43
1059,2026-05-15,4,3009,Night,3708,144,65.0,3.88
1060,2026-06-29,5,3000,Morning,4026,36,117.0,0.89
1061,2026-05-23,1,3002,Afternoon,1082,16,72.0,1.48
1062,2026-06-05,4,3003,Afternoon,4536,47,60.0,1.04
1063,2026-05-15,5,3000,Afternoon,995,46,6.0,4.62
1064,2026-04-02,5,3013,Afternoon,305,15,67.0,4.92
1065,2026-04-08,2,3017,Morning,415,6,20.0,1.45
1066,2026-04-25,1,3018,Morning,1164,19,86.0,1.63
1067,2026-04-22,5,3005,Night,4391,100,19.0,2.28
1068,2026-06-15,5,3014,Night,1197,44,108.0,3.68
1069,2026-06-15,3,3009,Night,3528,138,36.0,3.91
1070,2026-06-16,5,3000,Afternoon,2208,94,52.0,4.26
1071,2026-05-28,1,3001,Night,391,21,17.0,5.37
1072,2026-05-21,4,3010,Afternoon,2331,49,25.0,2.1
1073,2026-05-29,1,3008,Morning,335,13,110.0,3.88
1074,2026-05-07,5,3000,Morning,2485,88,34.0,3.54
1075,2026-05-31,4,3017,Morning,2881,62,61.0,2.15
1076,2026-06-11,5,3013,Afternoon,2702,148,117.0,5.48
1077,2026-06-08,3,3009,Night,1556,15,74.0,0.96
1078,2026-05-26,1,3018,Morning,3879,171,4.0,4.41
1079,2026-04-06,1,3018,Afternoon,3064,137,42.0,4.47
1080,2026-06-05,2,3018,Morning,1422,78,46.0,5.49
1081,2026-05-03,4,3004,Afternoon,2286,76,33.0,3.32
1082,2026-06-06,1,3016,Afternoon,720,16,0.0,2.22
1083,2026-05-19,5,3009,Morning,4631,233,60.0,5.03
1084,2026-06-19,2,3013,Afternoon,3814,180,45.0,4.72
1085,2026-05-01,3,3016,Morning,1581,51,35.0,3.23
1086,2026-06-23,2,3003,Night,3439,162,49.0,4.71
1087,2026-06-16,3,3008,Night,3459,68,41.0,1.97
1088,2026-04-30,3,3002,Night,3126,116,27.0,3.71
1089,2026-05-14,1,3005,Night,459,24,54.0,5.23
1090,2026-05-18,3,3007,Morning,4416,99,113.0,2.24
1091,2026-06-09,4,3016,Night,4788,151,60.0,3.15
1092,2026-06-02,5,3016,Morning,4875,279,71.0,5.72
1093,2026-06-16,2,3007,Night,4907,239,118.0,4.87
1094,2026-05-04,5,3006,Night,4658,250,73.0,5.37
1095,2026-05-16,5,3010,Night,3747,98,26.0,2.62
1096,2026-05-09,5,3017,Night,473,28,47.0,5.92
1097,2026-06-21,2,3018,Night,2433,32,58.0,1.32
1098,2026-04-28,5,3004,Night,1376,46,56.0,3.34
1099,2026-05-23,3,3003,Morning,1255,39,17.0,3.11
1100,2026-04-11,1,3013,Morning,4186,204,12.0,4.87
1101,2026-06-16,2,3005,Night,4100,225,41.0,5.49
1102,2026-05-05,4,3003,Morning,2705,122,109.0,4.51
1103,2026-05-01,1,3000,Afternoon,3734,147,86.0,3.94
1104,2026-05-23,3,3007,Morning,820,23,101.0,2.8
1105,2026-05-15,4,3007,Afternoon,1265,41,20.0,3.24
1106,2026-06-16,1,3010,Night,4330,142,49.0,3.28
1107,2026-05-18,3,3003,Night,2365,14,69.0,0.59
1108,2026-05-17,2,3013,Afternoon,2823,92,52.0,3.26
1109,2026-04-10,3,3012,Afternoon,2421,126,50.0,5.2
1110,2026-04-02,2,3008,Afternoon,1170,51,0.0,4.36
1111,2026-05-06,5,3003,Afternoon,4166,203,6.0,4.87
1112,2026-06-29,1,3009,Afternoon,3839,101,102.0,2.63
1113,2026-06-22,5,3012,Night,3482,118,111.0,3.39
1114,2026-05-27,4,3007,Morning,1895,12,9.0,0.63
1115,2026-05-27,5,3005,Afternoon,3287,85,49.0,2.59
1116,2026-05-06,5,3009,Afternoon,4775,148,62.0,3.1
1117,2026-04-16,1,3006,Afternoon,3319,63,94.0,1.9
1118,2026-04-01,5,3007,Morning,2572,17,118.0,0.66
1119,2026-05-01,3,3006,Morning,1498,64,49.0,4.27
1120,2026-04-29,5,3005,Afternoon,2709,78,89.0,2.88
1121,2026-04-18,5,3013,Night,1984,55,112.0,2.77
1122,2026-04-24,3,3008,Night,3134,58,99.0,1.85
1123,2026-04-03,2,3008,Night,419,14,34.0,3.34
1124,2026-05-25,1,3012,Night,1112,32,98.0,2.88
1125,2026-06-23,1,3006,Afternoon,3977,123,49.0,3.09
1126,2026-06-02,2,3001,Morning,2027,74,0.0,3.65
1127,2026-05-11,5,3016,Afternoon,2278,12,91.0,0.53
1128,2026-05-08,3,3001,Night,2810,154,100.0,5.48
1129,2026-04-28,3,3010,Afternoon,2303,20,41.0,0.87
1130,2026-04-13,2,3005,Night,3841,114,54.0,2.97
1131,2026-05-24,3,3004,Morning,1377,22,43.0,1.6
1132,2026-05-21,4,3000,Morning,3840,129,14.0,3.36
1133,2026-04-01,5,3017,Morning,1205,24,119.0,1.99
1134,2026-05-08,4,3008,Morning,1978,103,2.0,5.21
1135,2026-04-26,4,3006,Afternoon,3021,80,66.0,2.65
1136,2026-04-16,5,3014,Afternoon,4452,178,1.0,4.0
1137,2026-06-03,3,3000,Afternoon,1316,24,82.0,1.82
1138,2026-05-18,5,3010,Morning,3019,18,108.0,0.6
1139,2026-05-28,2,3009,Afternoon,508,13,77.0,2.56
1140,2026-06-04,1,3010,Morning,562,19,72.0,3.38
1141,2026-06-28,3,3002,Afternoon,3884,117,99.0,3.01
1142,2026-06-12,1,3018,Morning,3651,211,116.0,5.78
1143,2026-05-26,1,3004,Morning,2007,88,103.0,4.38
1144,2026-06-19,5,3012,Morning,3190,190,27.0,5.96
1145,2026-05-13,4,3014,Morning,2025,42,67.0,2.07
1146,2026-06-28,2,3006,Afternoon,1530,74,98.0,4.84
1147,2026-06-08,5,3002,Afternoon,2270,80,35.0,3.52
1148,2026-05-29,1,3005,Afternoon,1696,65,81.0,3.83
1149,2026-06-21,2,3015,Afternoon,4112,243,2.0,5.91
1150,2026-05-17,4,3017,Morning,2176,89,105.0,4.09
1151,2026-06-04,2,3017,Morning,1740,94,73.0,5.4
1152,2026-04-26,4,3004,Night,2773,124,89.0,4.47
1153,2026-06-26,5,3011,Night,3838,46,99.0,1.2
1154,2026-05-27,1,3002,Morning,1513,65,26.0,4.3
1155,2026-06-10,1,3013,Morning,4709,148,54.0,3.14
1156,2026-05-12,5,3007,Morning,2424,134,103.0,5.53
1157,2026-06-18,3,3013,Morning,3372,166,19.0,4.92
1158,2026-04-07,3,3013,Morning,4794,51,98.0,1.06
1159,2026-04-11,3,3018,Afternoon,2272,28,34.0,1.23
1160,2026-05-16,3,3009,Night,1159,10,69.0,0.86
1161,2026-06-05,4,3006,Night,3789,121,61.0,3.19
1162,2026-06-12,3,3010,Night,231,2,82.0,0.87
1163,2026-05-10,1,3003,Afternoon,2397,107,100.0,4.46
1164,2026-05-29,4,3002,Afternoon,4903,173,41.0,3.53
1165,2026-05-20,4,3009,Afternoon,2189,111,20.0,5.07
1166,2026-06-26,1,3015,Morning,3483,71,50.0,2.04
1167,2026-05-29,2,3010,Afternoon,2721,91,0.0,3.34
1168,2026-05-08,4,3014,Morning,1230,14,90.0,1.14
1169,2026-06-27,4,3003,Afternoon,1725,92,90.0,5.33
1170,2026-04-10,1,3008,Morning,2712,39,40.0,1.44
1171,2026-06-28,1,3011,Night,700,7,112.0,1.0
1172,2026-04-14,3,3006,Night,2191,35,0.0,1.6
1173,2026-04-26,3,3000,Night,2191,108,14.0,4.93
1174,2026-06-13,5,3001,Morning,4207,45,2.0,1.07
1175,2026-06-06,3,3017,Morning,794,30,111.0,3.78
1176,2026-06-27,5,3011,Night,4244,195,21.0,4.59
1177,2026-06-07,2,3005,Night,2170,100,72.0,4.61
1178,2026-05-28,3,3004,Afternoon,3326,51,97.0,1.53
1179,2026-05-02,1,3000,Morning,2873,24,92.0,0.84
1180,2026-04-01,3,3017,Afternoon,1638,48,113.0,2.93
1181,2026-04-12,1,3002,Afternoon,4667,75,6.0,1.61
1182,2026-04-27,3,3014,Night,1277,55,48.0,4.31
1183,2026-04-04,2,3004,Afternoon,373,9,60.0,2.41
1184,2026-05-16,1,3006,Morning,3800,112,83.0,2.95
1185,2026-06-09,1,3005,Night,3183,35,74.0,1.1
1186,2026-06-26,3,3015,Night,4474,162,67.0,3.62
1187,2026-05-15,5,3000,Morning,2397,36,36.0,1.5
1188,2026-06-18,1,3006,Morning,280,11,12.0,3.93
1189,2026-06-28,3,3005,Morning,297,2,51.0,0.67
1190,2026-06-17,2,3005,Night,2279,133,31.0,5.84
1191,2026-05-12,5,3003,Afternoon,1397,59,66.0,4.22
1192,2026-04-30,3,3017,Afternoon,4626,69,95.0,1.49
1193,2026-06-28,5,3007,Night,768,4,66.0,0.52
1194,2026-04-22,2,3007,Morning,4427,103,69.0,2.33
1195,2026-05-08,1,3007,Morning,1240,16,5.0,1.29
1196,2026-04-07,3,3018,Night,773,13,77.0,1.68
1197,2026-06-11,4,3006,Afternoon,1517,80,52.0,5.27
1198,2026-05-29,5,3006,Morning,891,34,14.0,3.82
1199,2026-04-08,5,3006,Night,2126,31,25.0,1.46
1200,2026-04-20,5,3006,Morning,1786,63,93.0,3.53
1201,2026-05-20,4,3001,Night,2739,52,110.0,1.9
1202,2026-05-19,2,3011,Night,2777,162,60.0,5.83
1203,2026-06-12,3,3000,Night,204,1,117.0,0.49
1204,2026-04-24,1,3004,Afternoon,799,36,21.0,4.51
1205,2026-06-23,3,3003,Morning,976,46,35.0,4.71
1206,2026-05-11,2,3005,Night,1134,9,111.0,0.79
1207,2026-06-14,1,3014,Afternoon,649,9,21.0,1.39
1208,2026-04-22,2,3011,Afternoon,1710,44,79.0,2.57
1209,2026-04-04,3,3018,Morning,2838,149,26.0,5.25
1210,2026-04-05,2,3006,Afternoon,1682,58,39.0,3.45
1211,2026-05-04,5,3017,Afternoon,1779,73,57.0,4.1
1212,2026-06-25,3,3000,Morning,2453,117,43.0,4.77
1213,2026-04-05,5,3009,Night,2832,143,104.0,5.05
1214,2026-05-04,4,3015,Morning,1788,55,116.0,3.08
1215,2026-04-10,1,3010,Night,1264,41,60.0,3.24
1216,2026-06-23,2,3017,Night,2165,96,63.0,4.43
1217,2026-05-31,4,3005,Afternoon,316,6,6.0,1.9
1218,2026-06-08,3,3000,Morning,2564,133,28.0,5.19
1219,2026-06-04,2,3014,Afternoon,4718,28,4.0,0.59
1220,2026-05-30,3,3001,Afternoon,2110,33,102.0,1.56
1221,2026-06-09,5,3014,Afternoon,719,35,27.0,4.87
1222,2026-04-01,2,3013,Morning,3593,85,40.0,2.37
1223,2026-06-17,1,3016,Afternoon,808,10,101.0,1.24
1224,2026-06-06,2,3009,Morning,1129,17,85.0,1.51
1225,2026-06-06,5,3017,Afternoon,903,30,74.0,3.32
1226,2026-05-06,4,3003,Afternoon,4441,228,4.0,5.13
1227,2026-06-12,5,3008,Afternoon,4910,43,67.0,0.88
1228,2026-05-05,5,3002,Night,2934,19,67.0,0.65
1229,2026-04-05,1,3014,Night,3164,96,38.0,3.03
1230,2026-06-21,2,3013,Night,3298,189,89.0,5.73
1231,2026-04-22,1,3015,Night,3129,63,111.0,2.01
1232,2026-04-10,1,3014,Night,2811,162,31.0,5.76
1233,2026-05-26,5,3005,Morning,4936,265,39.0,5.37
1234,2026-04-22,5,3001,Morning,3719,76,38.0,2.04
1235,2026-06-17,1,3017,Afternoon,624,31,100.0,4.97
1236,2026-05-10,4,3009,Afternoon,2081,88,9.0,4.23
1237,2026-04-01,3,3001,Night,4877,161,107.0,3.3
1238,2026-06-25,1,3017,Morning,2137,60,93.0,2.81
1239,2026-05-17,5,3018,Morning,1179,58,58.0,4.92
1240,2026-04-24,5,3008,Night,4368,212,70.0,4.85
1241,2026-05-31,3,3014,Night,3190,148,107.0,4.64
1242,2026-05-18,4,3000,Morning,2900,173,92.0,5.97
1243,2026-04-03,2,3001,Morning,2216,69,33.0,3.11
1244,2026-06-08,4,3005,Afternoon,796,39,6.0,4.9
1245,2026-05-07,3,3012,Afternoon,2042,107,79.0,5.24
1246,2026-06-02,5,3002,Morning,2299,38,17.0,1.65
1247,2026-06-20,1,3000,Afternoon,4669,34,10.0,0.73
1248,2026-05-25,1,3012,Night,1674,45,117.0,2.69
1249,2026-05-31,5,3014,Night,916,47,56.0,5.13
1250,2026-04-23,2,3014,Night,2252,47,78.0,2.09
1251,2026-04-22,2,3015,Afternoon,4985,216,26.0,4.33
1252,2026-05-08,4,3015,Night,2514,13,12.0,0.52
1253,2026-06-16,1,3011,Morning,2019,49,7.0,2.43
1254,2026-05-18,3,3009,Morning,3401,132,42.0,3.88
1255,2026-05-02,2,3016,Morning,3314,40,0.0,1.21
1256,2026-06-10,1,3006,Night,1636,88,50.0,5.38
1257,2026-06-16,5,3001,Afternoon,4845,65,38.0,1.34
1258,2026-06-21,1,3014,Morning,3046,167,63.0,5.48
1259,2026-04-27,1,3005,Night,476,8,70.0,1.68
1260,2026-06-03,4,3018,Morning,2156,128,37.0,5.94
1261,2026-05-24,5,3007,Afternoon,4629,177,54.0,3.82
1262,2026-05-11,1,3016,Morning,2088,20,9.0,0.96
1263,2026-05-06,4,3000,Morning,2925,25,36.0,0.85
1264,2026-04-11,3,3012,Morning,3140,28,117.0,0.89
1265,2026-04-25,5,3008,Morning,3581,134,118.0,3.74
1266,2026-05-20,1,3008,Afternoon,4387,217,58.0,4.95
1267,2026-06-19,5,3005,Morning,916,24,112.0,2.62
1268,2026-06-17,4,3018,Morning,2680,78,60.0,2.91
1269,2026-04-17,5,3007,Afternoon,2760,103,15.0,3.73
1270,2026-06-01,2,3016,Afternoon,931,31,104.0,3.33
1271,2026-04-08,5,3008,Afternoon,3432,147,49.0,4.28
1272,2026-05-31,4,3000,Afternoon,767,23,73.0,3.0
1273,2026-05-01,1,3016,Night,2389,105,77.0,4.4
1274,2026-05-11,5,3003,Night,1785,106,36.0,5.94
1275,2026-06-04,4,3005,Morning,943,22,88.0,2.33
1276,2026-05-09,2,3016,Night,4147,23,60.0,0.55
1277,2026-06-12,3,3016,Afternoon,1371,16,43.0,1.17
1278,2026-05-19,2,3017,Afternoon,1425,50,35.0,3.51
1279,2026-06-29,3,3008,Night,4301,102,89.0,2.37
1280,2026-05-28,5,3014,Morning,4411,250,29.0,5.67
1281,2026-04-27,5,3006,Afternoon,365,14,0.0,3.84
1282,2026-06-09,2,3014,Night,1533,51,105.0,3.33
1283,2026-05-07,5,3009,Night,3602,176,39.0,4.89
1284,2026-05-19,3,3000,Morning,3935,75,76.0,1.91
1285,2026-04-13,4,3007,Afternoon,4997,250,85.0,5.0
1286,2026-04-11,4,3008,Morning,2862,14,100.0,0.49
1287,2026-05-22,3,3004,Morning,235,9,75.0,3.83
1288,2026-04-17,3,3007,Morning,4393,247,84.0,5.62
1289,2026-06-29,3,3009,Afternoon,973,47,100.0,4.83
1290,2026-06-17,5,3000,Night,779,40,113.0,5.13
1291,2026-06-03,2,3002,Afternoon,3435,92,5.0,2.68
1292,2026-06-06,2,3014,Afternoon,3098,155,89.0,5.0
1293,2026-05-24,2,3006,Night,487,17,20.0,3.49
1294,2026-04-06,1,3011,Afternoon,1012,39,106.0,3.85
1295,2026-05-06,2,3010,Night,3030,24,5.0,0.79
1296,2026-05-15,1,3010,Afternoon,1425,22,29.0,1.54
1297,2026-06-22,1,3007,Morning,3483,122,23.0,3.5
1298,2026-04-20,4,3009,Afternoon,2176,17,72.0,0.78
1299,2026-05-15,1,3015,Afternoon,3023,138,0.0,4.57
1300,2026-05-01,3,3018,Afternoon,2479,126,2.0,5.08
1301,2026-04-13,4,3004,Night,1952,108,60.0,5.53
1302,2026-04-10,4,3012,Morning,1843,19,116.0,1.03
1303,2026-05-03,3,3018,Afternoon,3546,201,63.0,5.67
1304,2026-04-08,1,3000,Afternoon,2669,23,53.0,0.86
1305,2026-04-07,5,3014,Morning,3052,94,78.0,3.08
1306,2026-05-02,5,3009,Afternoon,2971,152,66.0,5.12
1307,2026-04-19,4,3018,Night,1196,10,46.0,0.84
1308,2026-05-20,1,3010,Afternoon,4583,27,70.0,0.59
1309,2026-04-02,1,3015,Morning,2903,18,0.0,0.62
1310,2026-04-28,2,3003,Morning,3646,120,29.0,3.29
1311,2026-05-11,1,3002,Afternoon,4433,220,80.0,4.96
1312,2026-06-26,5,3017,Night,4638,55,40.0,1.19
1313,2026-05-28,2,3010,Morning,3400,40,6.0,1.18
1314,2026-06-19,2,3010,Morning,3978,144,14.0,3.62
1315,2026-05-01,5,3003,Night,2464,44,103.0,1.79
1316,2026-05-11,5,3004,Morning,3741,168,39.0,4.49
1317,2026-05-08,2,3015,Morning,1743,99,2.0,5.68
1318,2026-06-19,2,3005,Morning,3616,170,87.0,4.7
1319,2026-06-26,3,3011,Night,612,32,63.0,5.23
1320,2026-06-26,4,3006,Afternoon,4588,154,54.0,3.36
1321,2026-06-07,5,3005,Morning,1374,69,107.0,5.02
1322,2026-05-16,5,3003,Morning,3351,50,37.0,1.49
1323,2026-05-19,5,3017,Night,253,2,68.0,0.79
1324,2026-06-28,1,3017,Night,947,38,89.0,4.01
1325,2026-04-26,2,3002,Morning,4935,38,73.0,0.77
1326,2026-05-02,3,3006,Morning,4200,227,24.0,5.4
1327,2026-06-20,1,3010,Morning,1267,54,81.0,4.26
1328,2026-05-05,2,3007,Night,828,47,89.0,5.68
1329,2026-04-22,1,3013,Morning,4111,91,14.0,2.21
1330,2026-05-21,5,3004,Morning,4952,157,19.0,3.17
1331,2026-04-30,1,3001,Afternoon,1009,46,80.0,4.56
1332,2026-06-20,1,3006,Afternoon,3386,62,14.0,1.83
1333,2026-06-21,1,3011,Afternoon,1561,54,105.0,3.46
1334,2026-04-28,1,3003,Night,3773,155,13.0,4.11
1335,2026-05-18,3,3015,Morning,2207,129,116.0,5.85
1336,2026-06-28,2,3000,Afternoon,801,36,80.0,4.49
1337,2026-06-06,5,3001,Afternoon,1757,20,53.0,1.14
1338,2026-04-20,2,3009,Morning,2785,86,32.0,3.09
1339,2026-05-24,3,3009,Night,4032,150,41.0,3.72
1340,2026-05-26,4,3005,Afternoon,300,3,89.0,1.0
1341,2026-05-29,4,3004,Afternoon,4796,137,90.0,2.86
1342,2026-04-03,4,3001,Night,3318,68,25.0,2.05
1343,2026-04-27,2,3012,Morning,4401,50,65.0,1.14
1344,2026-06-16,3,3007,Night,4664,154,119.0,3.3
1345,2026-04-22,5,3002,Night,937,13,30.0,1.39
1346,2026-04-27,5,3007,Morning,649,24,83.0,3.7
1347,2026-04-30,4,3017,Night,3928,56,20.0,1.43
1348,2026-04-16,4,3004,Night,1101,49,100.0,4.45
1349,2026-04-14,5,3016,Afternoon,910,14,20.0,1.54
1350,2026-05-02,4,3004,Afternoon,2448,132,35.0,5.39
1351,2026-06-18,5,3003,Night,4584,29,55.0,0.63
1352,2026-04-01,1,3004,Morning,4018,135,44.0,3.36
1353,2026-04-26,2,3006,Morning,2685,60,20.0,2.23
1354,2026-04-06,1,3002,Afternoon,1142,19,76.0,1.66
1355,2026-05-21,1,3011,Night,1814,56,2.0,3.09
1356,2026-04-23,3,3006,Afternoon,3504,179,118.0,5.11
1357,2026-06-11,2,3013,Morning,953,52,6.0,5.46
1358,2026-05-23,3,3009,Afternoon,2717,58,40.0,2.13
1359,2026-06-10,3,3008,Morning,256,3,111.0,1.17
1360,2026-05-28,4,3008,Night,1760,78,18.0,4.43
1361,2026-05-10,5,3002,Afternoon,1390,51,8.0,3.67
1362,2026-06-17,5,3013,Afternoon,3469,55,89.0,1.59
1363,2026-05-13,2,3001,Afternoon,4587,214,8.0,4.67
1364,2026-06-25,2,3013,Night,903,30,107.0,3.32
1365,2026-06-29,4,3018,Night,4026,164,54.0,4.07
1366,2026-05-24,1,3014,Afternoon,3348,82,104.0,2.45
1367,2026-05-31,3,3008,Afternoon,4855,141,29.0,2.9
1368,2026-04-24,3,3005,Morning,4575,68,16.0,1.49
1369,2026-06-13,1,3016,Afternoon,683,31,115.0,4.54
1370,2026-05-31,4,3004,Afternoon,3767,51,91.0,1.35
1371,2026-06-21,2,3009,Afternoon,3042,145,109.0,4.77
1372,2026-04-25,1,3014,Night,742,36,38.0,4.85
1373,2026-06-10,4,3017,Night,1434,66,48.0,4.6
1374,2026-05-13,1,3017,Afternoon,4649,28,69.0,0.6
1375,2026-04-17,4,3001,Afternoon,2806,56,53.0,2.0
1376,2026-04-16,1,3017,Morning,1824,56,29.0,3.07
1377,2026-05-21,3,3002,Afternoon,1738,65,45.0,3.74
1378,2026-04-29,5,3011,Night,4221,234,73.0,5.54
1379,2026-04-10,2,3017,Night,1560,40,4.0,2.56
1380,2026-05-09,4,3012,Night,962,51,40.0,5.3
1381,2026-05-29,4,3018,Afternoon,2954,41,35.0,1.39
1382,2026-04-29,5,3006,Night,4964,126,8.0,2.54
1383,2026-06-25,1,3005,Night,1079,8,14.0,0.74
1384,2026-06-10,4,3006,Afternoon,1425,65,59.0,4.56
1385,2026-05-17,5,3006,Morning,2451,32,12.0,1.31
1386,2026-06-24,4,3012,Afternoon,1159,22,41.0,1.9
1387,2026-05-09,1,3008,Night,3323,158,67.0,4.75
1388,2026-04-13,5,3014,Afternoon,1417,48,104.0,3.39
1389,2026-04-04,1,3007,Night,815,4,11.0,0.49
1390,2026-06-24,3,3005,Night,1454,7,52.0,0.48
1391,2026-06-26,3,3003,Morning,4666,154,12.0,3.3
1392,2026-06-06,3,3010,Night,4687,102,51.0,2.18
1393,2026-04-10,3,3017,Afternoon,2627,39,57.0,1.48
1394,2026-04-27,1,3016,Night,2122,82,95.0,3.86
1395,2026-04-04,3,3004,Afternoon,4133,72,53.0,1.74
1396,2026-04-05,5,3009,Afternoon,1132,42,112.0,3.71
1397,2026-04-23,3,3013,Morning,3338,86,16.0,2.58
1398,2026-05-22,2,3011,Morning,3464,52,6.0,1.5
1399,2026-04-06,5,3001,Afternoon,3608,45,0.0,1.25
1400,2026-06-28,1,3011,Afternoon,1246,22,42.0,1.77
1401,2026-05-11,3,3000,Afternoon,3637,24,23.0,0.66
1402,2026-04-24,3,3002,Morning,3137,68,10.0,2.17
1403,2026-05-17,3,3012,Afternoon,4400,240,28.0,5.45
1404,2026-06-11,5,3001,Morning,1037,52,116.0,5.01
1405,2026-04-29,3,3006,Morning,3145,80,96.0,2.54
1406,2026-04-05,5,3011,Afternoon,4182,153,2.0,3.66
1407,2026-04-05,1,3012,Afternoon,1535,55,109.0,3.58
1408,2026-06-16,4,3008,Afternoon,3770,190,24.0,5.04
1409,2026-04-11,3,3001,Night,677,12,48.0,1.77
1410,2026-05-28,2,3015,Night,3646,77,0.0,2.11
1411,2026-05-05,2,3018,Afternoon,3110,67,48.0,2.15
1412,2026-06-09,4,3016,Night,1124,8,91.0,0.71
1413,2026-04-06,4,3014,Morning,518,11,85.0,2.12
1414,2026-06-20,4,3007,Night,3778,201,71.0,5.32
1415,2026-06-02,1,3016,Afternoon,1358,74,75.0,5.45
1416,2026-05-11,3,3009,Night,2587,28,87.0,1.08
1417,2026-04-19,5,3002,Night,491,14,22.0,2.85
1418,2026-06-27,1,3016,Night,4824,125,0.0,2.59
1419,2026-04-28,3,3006,Night,2834,90,12.0,3.18
1420,2026-05-15,3,3017,Morning,4671,165,84.0,3.53
1421,2026-05-06,5,3006,Morning,969,5,52.0,0.52
1422,2026-04-21,2,3016,Afternoon,1187,60,76.0,5.05
1423,2026-05-08,3,3010,Afternoon,3129,183,67.0,5.85
1424,2026-04-14,4,3008,Morning,3101,126,32.0,4.06
1425,2026-04-01,1,3005,Night,3996,165,16.0,4.13
1426,2026-04-27,5,3015,Morning,4654,158,116.0,3.39
1427,2026-04-11,5,3001,Night,4145,96,35.0,2.32
1428,2026-05-08,4,3008,Morning,873,11,13.0,1.26
1429,2026-06-17,4,3007,Afternoon,1685,62,36.0,3.68
1430,2026-04-15,4,3010,Night,4586,34,108.0,0.74
1431,2026-04-01,4,3004,Afternoon,2834,142,31.0,5.01
1432,2026-04-10,5,3012,Night,4361,122,118.0,2.8
1433,2026-05-16,3,3007,Night,2902,80,55.0,2.76
1434,2026-04-25,3,3003,Night,438,10,103.0,2.28
1435,2026-05-15,4,3003,Afternoon,2469,143,78.0,5.79
1436,2026-04-03,1,3013,Night,4158,60,5.0,1.44
1437,2026-04-30,5,3004,Afternoon,3344,44,61.0,1.32
1438,2026-05-07,4,3005,Night,837,11,0.0,1.31
1439,2026-05-09,4,3011,Night,1208,49,24.0,4.06
1440,2026-05-20,2,3006,Morning,4300,256,65.0,5.95
1441,2026-06-10,2,3007,Afternoon,4900,87,12.0,1.78
1442,2026-05-13,3,3004,Night,3813,208,83.0,5.46
1443,2026-06-15,4,3006,Morning,670,13,98.0,1.94
1444,2026-05-18,4,3013,Night,3172,128,11.0,4.04
1445,2026-04-24,4,3010,Morning,4180,30,57.0,0.72
1446,2026-04-21,5,3018,Night,3272,105,78.0,3.21
1447,2026-04-30,5,3014,Night,3051,125,7.0,4.1
1448,2026-05-24,4,3000,Morning,2443,84,46.0,3.44
1449,2026-04-22,2,3007,Night,1375,24,30.0,1.75
1450,2026-06-22,3,3005,Morning,1547,78,4.0,5.04
1451,2026-05-14,3,3011,Afternoon,3779,220,96.0,5.82
1452,2026-06-17,4,3005,Night,535,16,53.0,2.99
1453,2026-06-01,5,3018,Morning,605,24,90.0,3.97
1454,2026-05-01,2,3005,Morning,2103,101,70.0,4.8
1455,2026-04-21,3,3009,Afternoon,3917,71,105.0,1.81
1456,2026-06-06,1,3002,Afternoon,3353,176,119.0,5.25
1457,2026-04-30,4,3017,Morning,3031,61,72.0,2.01
1458,2026-04-23,3,3017,Afternoon,2763,131,42.0,4.74
1459,2026-06-23,3,3015,Morning,731,8,50.0,1.09
1460,2026-05-14,3,3006,Morning,1792,37,99.0,2.06
1461,2026-04-05,2,3001,Morning,581,19,51.0,3.27
1462,2026-05-15,3,3013,Morning,3839,130,62.0,3.39
1463,2026-05-12,4,3008,Night,3804,196,23.0,5.15
1464,2026-06-17,2,3018,Night,1438,85,0.0,5.91
1465,2026-06-04,1,3013,Afternoon,1606,17,78.0,1.06
1466,2026-04-18,2,3010,Night,1723,34,39.0,1.97
1467,2026-04-14,1,3018,Afternoon,4468,110,70.0,2.46
1468,2026-05-25,2,3015,Night,2544,79,48.0,3.11
1469,2026-04-05,4,3008,Morning,3857,124,18.0,3.21
1470,2026-04-29,1,3000,Morning,2354,122,104.0,5.18
1471,2026-04-13,4,3001,Night,3551,168,106.0,4.73
1472,2026-04-02,2,3008,Morning,2735,16,100.0,0.59
1473,2026-06-22,5,3010,Night,1537,46,44.0,2.99
1474,2026-04-09,4,3000,Afternoon,4406,171,30.0,3.88
1475,2026-04-01,2,3002,Afternoon,3602,109,5.0,3.03
1476,2026-06-23,3,3013,Afternoon,3892,47,87.0,1.21
1477,2026-04-17,1,3014,Night,4751,127,39.0,2.67
1478,2026-06-13,1,3000,Morning,1394,38,107.0,2.73
1479,2026-04-03,5,3009,Night,639,9,104.0,1.41
1480,2026-04-14,5,3001,Night,2994,139,15.0,4.64
1481,2026-04-10,1,3013,Night,1765,40,110.0,2.27
1482,2026-06-03,2,3015,Night,2291,85,16.0,3.71
1483,2026-05-26,1,3016,Night,1326,44,58.0,3.32
1484,2026-05-13,2,3011,Afternoon,2112,112,56.0,5.3
1485,2026-04-22,2,3011,Afternoon,2087,24,114.0,1.15
1486,2026-04-08,2,3017,Afternoon,1882,21,78.0,1.12
1487,2026-05-22,3,3011,Night,3763,80,105.0,2.13
1488,2026-04-21,1,3008,Afternoon,3044,87,71.0,2.86
1489,2026-05-24,5,3014,Afternoon,2476,53,99.0,2.14
1490,2026-06-01,4,3011,Morning,741,34,102.0,4.59
1491,2026-06-16,4,3016,Morning,2939,54,103.0,1.84
1492,2026-05-15,1,3009,Morning,1040,10,49.0,0.96
1493,2026-04-01,4,3016,Afternoon,1707,47,45.0,2.75
1494,2026-04-26,5,3000,Afternoon,2191,104,118.0,4.75
1495,2026-06-16,1,3000,Night,878,45,90.0,5.13
1496,2026-05-18,4,3001,Afternoon,2069,93,110.0,4.49
1497,2026-05-26,2,3010,Morning,1481,52,69.0,3.51
1498,2026-05-12,4,3013,Afternoon,4278,191,111.0,4.46
1499,2026-04-15,3,3004,Morning,4326,183,86.0,4.23
1500,2026-06-20,5,3002,Night,221,3,89.0,1.36
